id,date_start,date_end,latitude,longitude,type_of_violence,best
543519,2024-10-01,2024-10-01,46.63695,32.61458,1,7
543520,2024-10-01,2024-10-01,47.84126,35.121166,1,1
544287,2024-10-01,2024-10-01,51.77006,34.06729,1,1
544289,2024-10-01,2024-10-01,48.30161,37.37398,1,2
544290,2024-10-01,2024-10-01,50.24047,36.79312,1,2
545205,2024-10-01,2024-10-01,47.49629,34.41026,1,1
546584,2024-10-02,2024-10-02,46.67666,32.73061,1,1
546585,2024-10-02,2024-10-02,46.63695,32.61458,1,1
546594,2024-10-02,2024-10-02,48.24221,37.33707,1,2
546671,2024-10-03,2024-10-03,52.02407,31.8542,1,3
546674,2024-10-03,2024-10-03,48.32113,37.763277,1,1
546675,2024-10-03,2024-10-03,50.24047,36.79312,1,2
546676,2024-10-03,2024-10-03,48.055356,37.369373,1,1
546699,2024-10-04,2024-10-04,46.625231,32.441369,1,1
546700,2024-10-04,2024-10-04,46.570878,32.145303,1,1
546701,2024-10-01,2024-10-01,48.221848,37.198509,1,16
546702,2024-10-04,2024-10-04,50.307818,37.014103,1,1
546768,2024-10-07,2024-10-07,46.466667,30.733333,1,1
546829,2024-10-05,2024-10-05,47.53559,35.90223,1,2
546830,2024-10-05,2024-10-05,48.2688,37.31769,1,2
546834,2024-10-06,2024-10-06,49.30164,37.66386,1,1
546844,2024-10-04,2024-10-05,49.5,36.5,1,1
546846,2024-10-06,2024-10-06,48.520114,37.704963,1,1
546849,2024-10-06,2024-10-06,48.01,37.30175,1,1
546850,2024-10-06,2024-10-06,48.295873,37.270044,1,2
546851,2024-10-06,2024-10-06,50.29078,36.94108,1,2
546852,2024-10-06,2024-10-06,48.59348,37.85724,1,1
546859,2024-10-07,2024-10-07,48.853333,37.625,1,1
546860,2024-10-07,2024-10-07,50.24047,36.79312,1,2
546861,2024-10-07,2024-10-07,48.14708,37.30032,1,2
546863,2024-10-05,2024-10-06,48.871678,38.092445,1,1
546870,2024-10-08,2024-10-08,46.67666,32.73061,1,1
546871,2024-10-08,2024-10-08,49.98081,36.25272,1,2
546873,2024-10-08,2024-10-08,49.5294,37.71496,1,1
546874,2024-10-08,2024-10-08,48.520114,37.704963,1,1
546876,2024-10-08,2024-10-08,48.32113,37.763277,1,1
546878,2024-10-08,2024-10-08,48.2688,37.31769,1,1
547138,2024-10-09,2024-10-09,48.30161,37.37398,1,1
547140,2024-10-09,2024-10-09,48.32113,37.763277,1,1
547142,2024-10-10,2024-10-10,49.5294,37.71496,1,1
547144,2024-10-10,2024-10-10,48.14708,37.30032,1,2
547145,2024-10-10,2024-10-10,50.307818,37.014103,1,2
547154,2024-10-11,2024-10-11,49.706668,37.610816,1,2
547168,2024-10-11,2024-10-11,48.22541,37.26245,1,2
547171,2024-10-11,2024-10-11,47.857511,37.213685,1,2
547172,2024-10-11,2024-10-11,48.47236,37.76498,1,1
547173,2024-10-12,2024-10-12,48.03069,37.37281,1,2
547175,2024-10-12,2024-10-12,48.295873,37.270044,1,2
547183,2024-10-13,2024-10-13,48.2688,37.31769,1,2
547184,2024-10-13,2024-10-13,50.211378,36.726393,1,2
547211,2024-10-14,2024-10-14,46.466667,30.733333,1,1
547212,2024-10-14,2024-10-14,47.218498,33.87503,1,2
547215,2024-10-14,2024-10-14,48.055356,37.369373,1,2
547216,2024-10-14,2024-10-14,48.26196,37.38118,1,2
547263,2024-10-15,2024-10-15,49.5294,37.71496,1,1
547272,2024-10-16,2024-10-16,48.23278,37.33693,1,2
547273,2024-10-16,2024-10-16,50.24047,36.79312,1,2
547338,2024-10-03,2024-10-03,48.07089,37.2883,1,1
547339,2024-10-03,2024-10-03,48.32804,37.68157,1,1
547341,2024-10-03,2024-10-04,46.6406,32.61589,1,1
547372,2024-10-04,2024-10-04,46.63695,32.61458,1,1
547373,2024-10-04,2024-10-04,49.38212,37.85364,1,1
547374,2024-10-04,2024-10-04,49.2695,37.8102,1,1
547380,2024-10-04,2024-10-04,48.59348,37.85724,1,1
547382,2024-10-05,2024-10-05,47.839588,36.835952,1,1
547383,2024-10-05,2024-10-05,48.397804,37.843767,1,1
547385,2024-10-05,2024-10-05,49.30164,37.66386,1,1
547387,2024-10-05,2024-10-05,46.57119,32.39462,1,1
547404,2024-10-06,2024-10-06,49.378586,37.616114,1,1
547405,2024-10-06,2024-10-06,49.38212,37.85364,1,1
547413,2024-10-06,2024-10-06,46.63695,32.61458,1,1
547415,2024-10-07,2024-10-07,51.36107,33.93685,1,2
547423,2024-10-07,2024-10-07,46.6406,32.61589,1,1
547428,2024-10-08,2024-10-08,51.77006,34.06729,1,2
547437,2024-10-08,2024-10-08,47.6449,35.29074,1,1
547476,2024-10-08,2024-10-08,49.24132,37.80742,1,1
547477,2024-10-09,2024-10-09,46.63695,32.61458,1,1
547478,2024-10-09,2024-10-09,46.466667,30.733333,1,9
547481,2024-10-10,2024-10-11,46.466667,30.733333,1,4
547483,2024-10-10,2024-10-10,48.0565,37.28944,1,1
547484,2024-10-11,2024-10-11,50.334151,36.184694,1,1
547485,2024-10-11,2024-10-11,50.1617,35.5256,1,1
547490,2024-10-12,2024-10-12,47.99578,37.08587,1,1
547491,2024-10-12,2024-10-12,48.03069,37.37281,1,1
547493,2024-10-12,2024-10-12,50.10954,36.22102,1,1
547494,2024-10-13,2024-10-13,46.60769,32.31642,1,1
547501,2024-10-13,2024-10-13,48.59348,37.85724,1,2
547502,2024-10-13,2024-10-13,48.8128,38.07827,1,1
547503,2024-10-13,2024-10-13,48.15113,37.2494,1,1
547507,2024-10-14,2024-10-14,46.63695,32.61458,1,2
547508,2024-10-15,2024-10-15,46.959201,31.987586,1,1
547509,2024-10-15,2024-10-15,49.587105,37.708889,1,1
547510,2024-10-17,2024-10-18,49.83465,36.33123,1,1
547511,2024-10-18,2024-10-18,48.055356,37.369373,1,1
547512,2024-10-18,2024-10-18,47.987053,37.271787,1,1
547513,2024-10-18,2024-10-19,48.676944,30.269806,1,1
547514,2024-10-18,2024-10-19,51.86296,33.4698,1,1
547516,2024-10-18,2024-10-18,49.706668,37.610816,1,1
547517,2024-10-19,2024-10-19,46.6406,32.61589,1,1
547518,2024-10-19,2024-10-19,48.74436,37.52769,1,1
547526,2024-10-20,2024-10-20,49.4315,37.64513,1,2
547528,2024-10-17,2024-10-17,48.2688,37.31769,1,1
547529,2024-10-17,2024-10-17,48.32113,37.763277,1,1
547531,2024-10-17,2024-10-17,48.03069,37.37281,1,1
547541,2024-10-18,2024-10-18,48.03069,37.37281,1,2
547542,2024-10-18,2024-10-18,48.36635,37.71965,1,1
547544,2024-10-18,2024-10-18,48.14708,37.30032,1,1
547545,2024-10-19,2024-10-19,46.625231,32.441369,1,1
547548,2024-10-19,2024-10-19,48.30161,37.37398,1,2
547549,2024-10-19,2024-10-19,50.29078,36.94108,1,2
547550,2024-10-20,2024-10-20,51.57167,34.12167,1,1
547551,2024-10-20,2024-10-20,48.30161,37.37398,1,2
547623,2024-10-01,2024-10-02,49.037516,37.568266,1,2
547624,2024-10-01,2024-10-01,48.36007,37.59711,1,1
547626,2024-10-01,2024-10-01,47.987053,37.271787,1,1
547627,2024-10-01,2024-10-01,49.5294,37.71496,1,2
547629,2024-10-01,2024-10-01,46.63695,32.61458,1,1
547630,2024-10-01,2024-10-01,47.53559,35.90223,1,1
547631,2024-10-01,2024-10-01,48.59348,37.85724,1,2
547633,2024-10-01,2024-10-01,47.857511,37.213685,1,2
547730,2024-10-02,2024-10-02,47.74485,36.59698,1,1
547731,2024-10-02,2024-10-02,47.79425,36.99047,1,1
547732,2024-10-02,2024-10-02,48.14,37.74,1,2
547733,2024-10-02,2024-10-02,48.26196,37.38118,1,1
547735,2024-10-02,2024-10-02,48.397804,37.843767,1,1
547736,2024-10-02,2024-10-02,46.6406,32.61589,1,1
547742,2024-10-02,2024-10-02,47.496293,35.684344,1,1
547747,2024-10-03,2024-10-03,48.3,38.05,1,1
547759,2024-10-03,2024-10-03,48.14,37.74,1,2
547761,2024-10-03,2024-10-03,50.211378,36.726393,1,2
547767,2024-10-03,2024-10-03,47.333839,33.565379,1,2
547768,2024-10-03,2024-10-03,47.702784,37.201793,1,2
547769,2024-10-03,2024-10-03,49.508475,37.937847,1,2
547799,2024-10-04,2024-10-04,51.15983,34.55125,1,2
547804,2024-10-04,2024-10-04,49.508475,37.937847,1,2
547805,2024-10-04,2024-10-04,46.70436,32.82032,1,2
547810,2024-10-05,2024-10-05,48.410058,37.907851,1,1
547812,2024-10-05,2024-10-05,48.14708,37.30032,1,1
547814,2024-10-05,2024-10-05,46.7939,33.15471,1,1
547815,2024-10-05,2024-10-05,47.83972,35.14057,1,1
547817,2024-10-05,2024-10-05,47.82354,36.57215,1,1
547818,2024-10-05,2024-10-05,47.857511,37.213685,1,1
547896,2024-10-06,2024-10-06,48.0,37.805278,1,1
547897,2024-10-05,2024-10-05,49.041997,38.210206,1,1
547899,2024-10-06,2024-10-06,47.857511,37.213685,1,1
547902,2024-10-06,2024-10-06,47.839588,36.835952,1,1
547905,2024-10-06,2024-10-06,46.63737,32.6151,1,1
547906,2024-10-06,2024-10-06,47.52715,35.82238,1,1
547908,2024-10-06,2024-10-06,50.29078,36.94108,1,1
547909,2024-10-06,2024-10-06,50.20366,36.40774,1,1
547910,2024-10-06,2024-10-06,48.14,37.74,1,2
547911,2024-10-06,2024-10-06,48.52069,37.80952,1,1
547912,2024-10-06,2024-10-06,48.871678,38.092445,1,1
547975,2024-10-21,2024-10-21,47.84126,35.121166,1,3
548023,2024-10-21,2024-10-21,48.295873,37.270044,1,2
548024,2024-10-21,2024-10-21,47.987053,37.271787,1,1
548025,2024-10-21,2024-10-22,50.9216,34.80029,1,3
548026,2024-10-21,2024-10-22,46.6406,32.61589,1,1
548027,2024-10-21,2024-10-21,48.229477,37.199909,1,1
548029,2024-10-22,2024-10-22,49.71595,37.67852,1,1
548030,2024-10-22,2024-10-22,47.648807,34.610767,1,1
548033,2024-10-21,2024-10-22,47.94042,37.16221,1,2
548034,2024-10-22,2024-10-22,48.42253,37.6681,1,2
548035,2024-10-22,2024-10-22,48.83628,37.9869,1,1
548062,2024-10-23,2024-10-23,47.59015,35.36399,1,2
548063,2024-10-23,2024-10-23,46.7939,33.15471,1,1
548064,2024-10-18,2024-10-18,48.14708,37.30032,1,2
548065,2024-10-21,2024-10-21,48.302288,37.516739,1,2
548066,2024-10-21,2024-10-21,47.9648,37.43602,1,2
548067,2024-10-22,2024-10-22,48.295873,37.270044,1,1
548068,2024-10-22,2024-10-22,50.24047,36.79312,1,2
548069,2024-10-22,2024-10-22,48.22541,37.26245,1,2
548073,2024-10-23,2024-10-23,47.26546,33.87688,1,1
548074,2024-10-23,2024-10-23,48.2688,37.31769,1,1
548075,2024-10-23,2024-10-23,48.32113,37.763277,1,1
548167,2024-10-07,2024-10-07,47.704948,36.705201,1,2
548168,2024-10-07,2024-10-07,46.6406,32.61589,1,1
548169,2024-10-07,2024-10-07,47.52568,35.43912,1,1
548173,2024-10-07,2024-10-07,49.26299,37.85751,1,1
548193,2024-10-07,2024-10-07,49.720989,37.718728,1,1
548194,2024-10-07,2024-10-07,48.397804,37.843767,1,1
548195,2024-10-07,2024-10-07,48.14708,37.30032,1,1
548199,2024-10-08,2024-10-08,48.41955,38.032433,1,2
548205,2024-10-08,2024-10-08,48.3,38.05,1,1
548208,2024-10-08,2024-10-08,50.29078,36.94108,1,1
548209,2024-10-08,2024-10-08,50.20366,36.40774,1,1
548211,2024-10-08,2024-10-08,49.508475,37.937847,1,2
548214,2024-10-08,2024-10-08,46.6406,32.61589,1,1
548216,2024-10-08,2024-10-08,47.542135,35.367308,1,1
548220,2024-10-08,2024-10-08,48.14,37.74,1,2
548221,2024-10-08,2024-10-08,47.786361,36.698694,1,1
548223,2024-10-08,2024-10-08,47.857511,37.213685,1,1
548285,2024-10-09,2024-10-09,49.508475,37.937847,1,2
548286,2024-10-09,2024-10-09,48.14,37.74,1,2
548287,2024-10-09,2024-10-09,48.302288,37.516739,1,2
548288,2024-10-09,2024-10-09,50.29078,36.94108,1,1
548289,2024-10-09,2024-10-09,50.20366,36.40774,1,1
548290,2024-10-09,2024-10-09,47.857511,37.213685,1,1
548291,2024-10-09,2024-10-09,47.5,36.38,1,1
548292,2024-10-09,2024-10-09,46.70436,32.82032,1,2
548295,2024-10-09,2024-10-10,46.750488,33.367315,1,1
548296,2024-10-10,2024-10-10,47.49629,34.41026,1,1
548386,2024-10-10,2024-10-10,47.704948,36.705201,1,2
548387,2024-10-10,2024-10-10,47.333839,33.565379,1,2
548389,2024-10-10,2024-10-10,48.14,37.74,1,2
548392,2024-10-10,2024-10-10,48.14,37.74,1,2
548424,2024-10-11,2024-10-11,50.20366,36.40774,1,1
548425,2024-10-11,2024-10-11,50.29078,36.94108,1,1
548427,2024-10-11,2024-10-11,47.83972,35.14057,1,1
548428,2024-10-11,2024-10-11,46.78551,33.35002,1,1
548429,2024-10-11,2024-10-11,48.14,37.74,1,2
548430,2024-10-11,2024-10-11,49.508475,37.937847,1,2
548431,2024-10-11,2024-10-11,48.14708,37.30032,1,1
548433,2024-10-11,2024-10-11,48.32113,37.763277,1,1
548434,2024-10-11,2024-10-11,47.797222,36.813333,1,2
548446,2024-10-12,2024-10-12,48.34072,38.4049,1,1
548447,2024-10-12,2024-10-12,48.3,38.05,1,1
548449,2024-10-12,2024-10-12,47.857511,37.213685,1,1
548450,2024-10-12,2024-10-12,47.67802,36.4788,1,1
548456,2024-10-12,2024-10-12,47.83972,35.14057,1,1
548457,2024-10-12,2024-10-12,46.6406,32.61589,1,1
548458,2024-10-12,2024-10-12,50.29078,36.94108,1,1
548459,2024-10-12,2024-10-12,50.20366,36.40774,1,1
548476,2024-10-13,2024-10-13,49.508475,37.937847,1,2
548477,2024-10-13,2024-10-13,48.397804,37.843767,1,1
548478,2024-10-13,2024-10-13,48.14708,37.30032,1,1
548479,2024-10-13,2024-10-13,50.20366,36.40774,1,1
548480,2024-10-13,2024-10-13,50.29078,36.94108,1,1
548481,2024-10-13,2024-10-13,46.63737,32.6151,1,1
548482,2024-10-13,2024-10-13,47.538806,35.468176,1,1
548484,2024-10-12,2024-10-12,48.90421,38.44094,1,2
548540,2024-10-14,2024-10-14,50.20366,36.40774,1,1
548541,2024-10-14,2024-10-14,50.29078,36.94108,1,1
548542,2024-10-14,2024-10-14,49.00048,38.11234,1,1
548544,2024-10-14,2024-10-14,49.542452,37.893482,1,1
548546,2024-10-14,2024-10-14,47.839588,36.835952,1,2
548547,2024-10-14,2024-10-14,47.8815,37.35702,1,1
548549,2024-10-14,2024-10-14,48.702079,37.854162,1,1
548552,2024-10-14,2024-10-14,46.67666,32.73061,1,1
548553,2024-10-14,2024-10-14,47.538806,35.468176,1,1
548554,2024-10-14,2024-10-14,48.410058,37.907851,1,1
548557,2024-10-14,2024-10-14,48.295873,37.270044,1,1
548585,2024-10-15,2024-10-15,49.5,36.5,1,1
548586,2024-10-15,2024-10-15,49.16756,37.97801,1,1
548588,2024-10-15,2024-10-15,47.37839,33.96474,1,1
548590,2024-10-15,2024-10-15,47.83972,35.14057,1,1
548591,2024-10-15,2024-10-15,48.14708,37.30032,1,1
548594,2024-10-15,2024-10-15,48.32113,37.763277,1,1
548595,2024-10-15,2024-10-15,50.29078,36.94108,1,1
548596,2024-10-15,2024-10-15,50.20366,36.40774,1,1
548602,2024-10-15,2024-10-15,47.82354,36.57215,1,1
548603,2024-10-15,2024-10-15,47.857511,37.213685,1,1
548615,2024-10-16,2024-10-16,46.5486,32.92787,1,1
548617,2024-10-16,2024-10-16,47.82354,36.57215,1,1
548618,2024-10-16,2024-10-16,47.838199,37.105957,1,1
548619,2024-10-16,2024-10-16,46.6406,32.61589,1,1
548620,2024-10-16,2024-10-16,47.545036,35.699988,1,1
548621,2024-10-16,2024-10-16,48.14,37.74,1,2
548623,2024-10-16,2024-10-16,50.20366,36.40774,1,1
548624,2024-10-16,2024-10-16,50.29078,36.94108,1,1
548625,2024-10-16,2024-10-16,48.39489,37.79102,1,1
548626,2024-10-16,2024-10-16,48.14708,37.30032,1,1
548630,2024-10-17,2024-10-17,48.3,38.05,1,1
548635,2024-10-17,2024-10-17,47.333839,33.565379,1,2
548636,2024-10-17,2024-10-17,48.268307,38.370347,1,1
548637,2024-10-17,2024-10-17,48.221848,37.198509,1,1
548638,2024-10-17,2024-10-17,47.704948,36.705201,1,2
548639,2024-10-17,2024-10-17,50.29078,36.94108,1,1
548643,2024-10-17,2024-10-17,50.20366,36.40774,1,1
548687,2024-10-18,2024-10-18,46.618259,32.710731,1,1
548792,2024-10-18,2024-10-18,50.20366,36.40774,1,1
548793,2024-10-18,2024-10-18,50.29078,36.94108,1,1
548804,2024-10-18,2024-10-18,48.14,37.74,1,2
548845,2024-10-18,2024-10-18,48.295873,37.270044,1,1
548847,2024-10-18,2024-10-18,48.397804,37.843767,1,1
548851,2024-10-18,2024-10-18,47.857511,37.213685,1,2
548853,2024-10-18,2024-10-18,48.92594,38.18583,1,1
548856,2024-10-18,2024-10-18,49.160373,37.952638,1,1
548886,2024-10-18,2024-10-18,47.333839,33.565379,1,2
548899,2024-10-19,2024-10-19,47.857511,37.213685,1,2
548901,2024-10-19,2024-10-19,48.084002,37.317512,1,1
548902,2024-10-19,2024-10-19,48.397804,37.843767,1,1
549265,2024-10-19,2024-10-19,48.14,37.74,1,2
549266,2024-10-19,2024-10-19,50.29078,36.94108,1,1
549267,2024-10-19,2024-10-19,50.20366,36.40774,1,1
549268,2024-10-19,2024-10-19,49.56723,37.8322,1,1
549269,2024-10-19,2024-10-19,49.09226,37.96081,1,1
549270,2024-10-19,2024-10-19,47.542135,35.367308,1,1
549271,2024-10-19,2024-10-19,46.63695,32.61458,1,1
549283,2024-10-24,2024-10-24,49.706668,37.610816,1,1
549472,2024-10-24,2024-10-24,48.57909,37.60941,1,2
549473,2024-10-24,2024-10-24,48.21503,37.19076,1,2
549474,2024-10-24,2024-10-24,48.21364,37.2219,1,1
549487,2024-10-24,2024-10-25,49.16756,37.97801,1,1
549495,2024-10-25,2024-10-25,46.62436,32.30784,1,1
549498,2024-10-25,2024-10-25,50.45,30.52333,1,1
549499,2024-10-25,2024-10-25,48.468196,35.028785,1,5
549555,2024-10-26,2024-10-26,50.198897,30.090833,1,1
549559,2024-10-26,2024-10-26,46.625231,32.441369,1,1
549560,2024-10-26,2024-10-26,46.68333,32.7,1,1
549597,2024-10-26,2024-10-26,50.09066,36.98195,1,1
549604,2024-10-26,2024-10-26,46.570878,32.145303,1,2
549607,2024-10-26,2024-10-26,48.520114,37.704963,1,1
549667,2024-10-26,2024-10-26,48.899072,37.72576,1,1
549668,2024-10-27,2024-10-27,46.63695,32.61458,1,1
549673,2024-10-27,2024-10-27,46.63185,31.73879,1,1
549674,2024-10-27,2024-10-27,46.63695,32.61458,1,4
549679,2024-10-27,2024-10-28,46.67666,32.73061,1,1
549689,2024-10-28,2024-10-28,47.910483,33.391783,1,2
549691,2024-10-29,2024-10-29,49.98081,36.25272,1,4
549693,2024-10-28,2024-10-28,46.7939,33.15471,1,1
549695,2024-10-28,2024-10-28,48.295873,37.270044,1,1
549700,2024-10-29,2024-10-29,46.63695,32.61458,1,2
549704,2024-10-29,2024-10-29,46.41761,30.48177,1,1
549811,2024-10-29,2024-10-29,46.6406,32.61589,1,1
549814,2024-10-29,2024-10-29,47.94495,37.12224,1,1
549822,2024-10-30,2024-10-30,46.72185,32.81139,1,1
549824,2024-10-30,2024-10-30,51.08113,34.77089,1,1
549987,2024-10-30,2024-10-30,49.98081,36.25272,1,3
549990,2024-10-30,2024-10-30,47.91801,37.22885,1,1
549991,2024-10-30,2024-10-30,48.01274,37.25884,1,1
549992,2024-10-30,2024-10-30,48.621389,37.527778,1,1
549993,2024-10-30,2024-10-30,49.019998,37.929956,1,2
550000,2024-10-31,2024-10-31,46.842916,33.432214,1,1
550027,2024-11-01,2024-11-01,49.98081,36.25272,1,2
550182,2024-10-24,2024-10-24,48.302288,37.516739,1,2
550184,2024-10-24,2024-10-24,47.9648,37.43602,1,2
550283,2024-10-01,2024-10-01,49.478827,38.211317,1,5
550285,2024-10-01,2024-10-01,48.165895,37.492133,1,3
550287,2024-10-01,2024-10-01,48.178318,37.630405,1,3
550288,2024-10-02,2024-10-02,47.749789,36.818011,1,1
550289,2024-10-02,2024-10-02,46.291701,33.174131,1,6
550290,2024-10-02,2024-10-02,48.74121,37.98987,1,1
550291,2024-10-02,2024-10-02,48.006667,37.512778,1,12
550292,2024-10-02,2024-10-02,48.85489,38.26829,1,8
550293,2024-10-02,2024-10-02,49.041997,38.210206,1,1
550299,2024-10-03,2024-10-03,48.221848,37.198509,1,3
550300,2024-10-03,2024-10-03,47.973271,37.3965,1,1
550303,2024-10-03,2024-10-03,48.32726,37.84336,1,7
550304,2024-10-03,2024-10-03,47.9648,37.43602,1,1
550305,2024-10-03,2024-10-03,48.37124,37.798595,1,5
550308,2024-10-03,2024-10-03,47.991858,37.40147,1,7
550310,2024-10-03,2024-10-03,47.78031,37.25064,1,8
550313,2024-10-03,2024-10-03,48.3534,37.83451,1,12
550314,2024-10-04,2024-10-04,47.82583,37.31184,1,1
550317,2024-10-04,2024-10-04,48.16348,37.64492,1,7
550318,2024-10-04,2024-10-04,47.86651,37.40701,1,5
550320,2024-10-04,2024-10-04,48.14708,37.30032,1,5
550321,2024-10-04,2024-10-04,47.874642,37.343497,1,5
550323,2024-10-04,2024-10-04,48.178318,37.630405,1,9
550324,2024-10-04,2024-10-04,50.29078,36.94108,1,12
550327,2024-10-04,2024-10-04,50.24047,36.79312,1,1
550332,2024-10-06,2024-10-06,48.14708,37.30032,1,4
550333,2024-10-05,2024-10-05,50.24803,36.81685,1,1
550334,2024-10-05,2024-10-05,49.4747,38.15302,1,4
550335,2024-10-05,2024-10-05,47.78031,37.25064,1,11
550337,2024-10-06,2024-10-06,47.86651,37.40701,1,1
550338,2024-10-05,2024-10-05,49.56723,37.8322,1,13
550339,2024-10-05,2024-10-05,48.74412,38.15272,1,11
550341,2024-10-05,2024-10-05,48.221848,37.198509,1,5
550342,2024-10-05,2024-10-05,48.193729,37.541002,1,6
550345,2024-10-25,2024-10-25,49.378586,37.616114,1,1
550346,2024-10-25,2024-10-25,48.22541,37.26245,1,2
550348,2024-10-25,2024-10-25,50.29078,36.94108,1,2
550350,2024-10-26,2024-10-26,48.30161,37.37398,1,2
550355,2024-10-24,2024-10-27,48.14708,37.30032,3,2
550356,2024-10-27,2024-10-27,48.23278,37.33693,1,2
550360,2024-10-06,2024-10-06,47.86863,37.44512,1,1
550361,2024-10-06,2024-10-06,47.86863,37.44512,1,5
550362,2024-10-06,2024-10-06,48.859691,38.199854,1,7
550363,2024-10-07,2024-10-07,48.864176,38.272404,1,7
550364,2024-10-06,2024-10-06,47.86651,37.40701,1,1
550365,2024-10-06,2024-10-06,48.999497,37.967459,1,1
550366,2024-10-06,2024-10-06,49.00048,38.11234,1,15
550368,2024-10-06,2024-10-06,48.74412,38.15272,1,18
550392,2024-10-07,2024-10-07,47.78172,37.07086,1,5
550393,2024-10-07,2024-10-07,50.28508,36.45585,1,1
550394,2024-10-07,2024-10-07,48.14708,37.30032,1,5
550395,2024-10-07,2024-10-07,48.90421,38.44094,1,8
550396,2024-10-07,2024-10-07,49.5,36.5,1,3
550398,2024-10-08,2024-10-08,49.5,36.5,1,5
550401,2024-10-08,2024-10-08,48.448502,38.265013,1,5
550402,2024-10-08,2024-10-08,47.78172,37.07086,1,10
550403,2024-10-08,2024-10-08,48.178318,37.630405,1,3
550404,2024-10-08,2024-10-08,48.32339,38.52272,1,2
550405,2024-10-08,2024-10-08,48.3713,37.892371,1,5
550406,2024-10-08,2024-10-08,47.82583,37.31184,1,10
550408,2024-10-09,2024-10-09,49.8775,37.497109,1,1
550420,2024-10-28,2024-10-28,48.520114,37.704963,1,1
550422,2024-10-28,2024-10-28,50.29078,36.94108,1,2
550423,2024-10-28,2024-10-28,48.2688,37.31769,1,2
550424,2024-10-29,2024-10-29,47.973271,37.3965,1,2
550425,2024-10-29,2024-10-29,48.20135,37.33929,1,2
550432,2024-10-30,2024-10-30,49.71595,37.67852,1,1
550433,2024-10-30,2024-10-30,48.295873,37.270044,1,2
550434,2024-10-09,2024-10-09,47.82583,37.31184,1,5
550437,2024-10-09,2024-10-09,48.14,37.74,1,10
550438,2024-10-09,2024-10-09,49.09226,37.96081,1,5
550439,2024-10-09,2024-10-09,50.30106,36.39886,1,5
550440,2024-10-09,2024-10-09,46.6406,32.61589,1,8
550443,2024-10-31,2024-10-31,49.706668,37.610816,1,1
550447,2024-10-31,2024-10-31,48.22541,37.26245,1,2
550448,2024-10-31,2024-10-31,50.298958,37.024192,1,2
550453,2024-10-10,2024-10-10,48.85489,38.26829,1,7
550454,2024-10-10,2024-10-10,47.78031,37.25064,1,5
550458,2024-10-11,2024-10-11,48.0,38.0,1,5
550474,2024-10-11,2024-10-11,49.09226,37.96081,1,7
550475,2024-10-11,2024-10-11,48.707778,38.147778,1,1
550476,2024-10-11,2024-10-11,48.178318,37.630405,1,3
550478,2024-10-11,2024-10-11,48.20135,37.33929,1,5
550479,2024-10-11,2024-10-11,48.14789,37.36376,1,5
550491,2024-11-01,2024-11-01,48.23401,37.27637,1,1
550494,2024-11-01,2024-11-01,48.32113,37.763277,1,1
550532,2024-10-20,2024-10-20,46.6406,32.61589,1,2
550533,2024-10-20,2024-10-20,47.83972,35.14057,1,2
550538,2024-10-20,2024-10-20,49.5,36.5,1,2
550543,2024-10-20,2024-10-20,48.14,37.74,1,2
550593,2024-10-20,2024-10-20,48.14,37.74,1,2
550595,2024-10-20,2024-10-20,48.92,39.02,1,2
550596,2024-10-20,2024-10-20,49.5,36.5,1,2
550640,2024-10-21,2024-10-21,47.49629,34.41026,1,2
550656,2024-10-21,2024-10-22,47.498902,34.623017,1,1
550667,2024-10-21,2024-10-21,48.14,37.74,1,2
550673,2024-10-21,2024-10-21,48.14,37.74,1,2
550676,2024-10-22,2024-10-22,46.618259,32.710731,1,1
550678,2024-10-21,2024-10-21,47.83972,35.14057,1,2
550679,2024-10-21,2024-10-21,46.6406,32.61589,1,2
550680,2024-10-21,2024-10-21,48.5,35.0,1,2
550689,2024-10-21,2024-10-21,49.5,36.5,1,2
550694,2024-10-22,2024-10-22,47.921111,37.578056,1,1
550696,2024-10-22,2024-10-22,46.6406,32.61589,1,2
550700,2024-10-22,2024-10-22,49.5,36.5,1,2
550705,2024-10-22,2024-10-22,47.83972,35.14057,1,2
550706,2024-10-22,2024-10-22,48.14,37.74,1,2
550723,2024-10-23,2024-10-23,46.6406,32.61589,1,1
550725,2024-10-23,2024-10-23,47.83972,35.14057,1,1
550728,2024-10-23,2024-10-23,48.14,37.74,1,2
550737,2024-10-23,2024-10-23,49.5,36.5,1,2
550824,2024-10-25,2024-10-25,49.5,36.5,1,2
550825,2024-10-25,2024-10-25,48.92,39.02,1,2
550827,2024-10-25,2024-10-25,49.5,36.5,1,2
550830,2024-10-25,2024-10-25,48.14,37.74,1,2
550831,2024-10-25,2024-10-25,47.83972,35.14057,1,2
550894,2024-10-12,2024-10-12,49.542452,37.893482,1,5
550895,2024-10-12,2024-10-12,48.221848,37.198509,1,5
550896,2024-10-12,2024-10-12,49.00048,38.11234,1,1
550897,2024-10-12,2024-10-12,48.14708,37.30032,1,6
550899,2024-10-12,2024-10-12,49.76293,37.69374,1,7
550900,2024-10-13,2024-10-13,47.874642,37.343497,1,32
550904,2024-10-13,2024-10-13,48.14,37.74,1,6
550907,2024-10-13,2024-10-13,48.0,37.805278,1,5
550908,2024-10-13,2024-10-13,48.06693,37.66642,1,5
550909,2024-10-13,2024-10-13,48.592436,37.99993,1,3
550910,2024-10-13,2024-10-13,49.581751,38.165969,1,3
550913,2024-10-14,2024-10-14,49.8775,37.497109,1,2
550914,2024-10-14,2024-10-14,48.14708,37.30032,1,5
550915,2024-10-14,2024-10-14,50.29078,36.94108,1,5
550919,2024-10-14,2024-10-14,46.5486,32.92787,1,7
550920,2024-10-14,2024-10-14,49.402753,38.006491,1,1
550922,2024-10-15,2024-10-15,47.874642,37.343497,1,10
550925,2024-10-15,2024-10-15,47.45418,35.734,1,5
550926,2024-10-15,2024-10-15,49.62816,38.03326,1,3
550927,2024-10-15,2024-10-15,48.221848,37.198509,1,6
550928,2024-10-15,2024-10-15,47.9648,37.43602,1,5
550933,2024-10-26,2024-10-26,49.5,36.5,1,2
550934,2024-10-26,2024-10-26,48.14,37.74,1,2
550936,2024-10-16,2024-10-16,49.0,38.76,1,10
550937,2024-10-16,2024-10-16,48.85489,38.26829,1,5
550939,2024-10-16,2024-10-16,48.221848,37.198509,1,5
550940,2024-10-16,2024-10-16,48.628643,38.130724,1,1
550941,2024-10-16,2024-10-16,48.20135,37.33929,1,5
550942,2024-10-16,2024-10-16,47.45418,35.734,1,5
550944,2024-10-16,2024-10-16,48.807965,38.240373,1,5
550946,2024-10-16,2024-10-16,48.925685,38.244491,1,13
550950,2024-10-17,2024-10-17,47.9648,37.43602,1,6
550951,2024-10-26,2024-10-26,48.14,37.74,1,2
550957,2024-10-27,2024-10-27,49.5,36.5,1,2
550959,2024-10-27,2024-10-27,47.83972,35.14057,1,1
550960,2024-10-27,2024-10-27,46.6406,32.61589,1,1
550961,2024-10-27,2024-10-27,48.14,37.74,1,2
550964,2024-10-17,2024-10-17,47.941669,37.504218,1,12
550965,2024-10-17,2024-10-17,47.874642,37.343497,1,5
550966,2024-10-17,2024-10-17,47.86651,37.40701,1,5
550968,2024-10-17,2024-10-17,47.874642,37.343497,1,10
550969,2024-10-17,2024-10-17,49.56723,37.8322,1,1
550971,2024-10-17,2024-10-17,47.370233,35.663273,1,1
550972,2024-10-17,2024-10-17,47.702784,37.201793,1,5
550973,2024-10-17,2024-10-17,48.20135,37.33929,1,5
550975,2024-10-17,2024-10-17,49.06993,37.95459,1,1
550978,2024-10-28,2024-10-28,46.618259,32.710731,1,1
550985,2024-10-18,2024-10-18,47.9648,37.43602,1,11
550986,2024-10-18,2024-10-18,48.39489,37.79102,1,5
550987,2024-10-18,2024-10-18,46.6406,32.61589,1,2
550988,2024-10-18,2024-10-18,48.193729,37.541002,1,3
550993,2024-10-18,2024-10-18,47.973271,37.3965,1,12
550994,2024-10-18,2024-10-18,48.22541,37.26245,1,5
550996,2024-10-18,2024-10-18,47.853324,37.484174,1,17
550997,2024-10-18,2024-10-18,47.5,36.38,1,7
550998,2024-10-18,2024-10-18,47.34379,35.79457,1,7
550999,2024-10-19,2024-10-19,48.14708,37.30032,1,5
551003,2024-10-28,2024-10-28,47.01171,33.72987,1,6
551007,2024-10-28,2024-10-28,48.14,37.74,1,2
551008,2024-10-28,2024-10-28,49.5,36.5,1,2
551012,2024-10-19,2024-10-19,49.5294,37.71496,1,5
551013,2024-10-19,2024-10-19,49.16756,37.97801,1,5
551014,2024-10-19,2024-10-19,48.14,37.74,1,1
551015,2024-10-19,2024-10-19,48.397804,37.843767,1,1
551019,2024-10-19,2024-10-19,47.874642,37.343497,1,5
551020,2024-10-19,2024-10-19,49.56723,37.8322,1,17
551021,2024-10-19,2024-10-19,49.5294,37.71496,1,5
551022,2024-10-19,2024-10-19,49.57447,37.91537,1,1
551024,2024-10-19,2024-10-19,47.9648,37.43602,1,5
551025,2024-10-20,2024-10-20,48.221848,37.198509,1,1
551028,2024-10-29,2024-10-29,48.3,38.05,1,1
551036,2024-10-29,2024-10-29,48.14,37.74,1,2
551037,2024-10-29,2024-10-29,49.5,36.5,1,2
551038,2024-10-29,2024-10-29,46.6406,32.61589,1,1
551039,2024-10-29,2024-10-29,47.83972,35.14057,1,1
551052,2024-10-20,2024-10-20,48.0,38.0,1,1
551054,2024-10-20,2024-10-20,47.78172,37.07086,1,5
551055,2024-10-20,2024-10-20,47.874642,37.343497,1,12
551057,2024-10-20,2024-10-20,47.973271,37.3965,1,13
551058,2024-10-20,2024-10-20,47.9648,37.43602,1,1
551061,2024-10-21,2024-10-21,48.22541,37.26245,1,5
551067,2024-10-21,2024-10-21,48.22541,37.26245,1,10
551068,2024-10-21,2024-10-21,48.999497,37.967459,1,6
551069,2024-10-21,2024-10-21,48.48394,38.2481,1,2
551070,2024-10-21,2024-10-21,47.86651,37.40701,1,5
551072,2024-10-21,2024-10-21,48.20135,37.33929,1,5
551076,2024-10-30,2024-10-30,47.26863,35.22207,1,2
551077,2024-10-30,2024-10-30,46.74849,33.26632,1,1
551085,2024-10-30,2024-10-30,46.6406,32.61589,1,2
551086,2024-10-30,2024-10-30,49.5,36.5,1,2
551090,2024-10-30,2024-10-30,48.14,37.74,1,2
551186,2024-10-22,2024-10-22,47.874642,37.343497,1,6
551187,2024-10-22,2024-10-22,49.09226,37.96081,1,1
551192,2024-10-22,2024-10-22,49.5,36.5,1,7
551193,2024-10-22,2024-10-22,49.227116,37.983578,1,1
551194,2024-10-22,2024-10-22,47.987053,37.271787,1,6
551196,2024-10-23,2024-10-23,47.702784,37.201793,1,6
551197,2024-10-23,2024-10-23,49.5,36.5,1,7
551198,2024-10-23,2024-10-23,48.224167,37.599444,1,3
551199,2024-10-23,2024-10-23,49.66101,37.85898,1,5
551201,2024-10-24,2024-10-24,48.221848,37.198509,1,22
551203,2024-10-24,2024-10-24,49.5,36.5,1,1
551204,2024-10-24,2024-10-24,48.20849,37.43519,1,5
551205,2024-10-24,2024-10-24,48.20135,37.33929,1,5
551208,2024-10-24,2024-10-24,48.3534,37.83451,1,5
551218,2024-10-25,2024-10-25,48.63483,38.0246,1,1
551219,2024-10-25,2024-10-25,48.92,39.02,1,4
551221,2024-10-25,2024-10-25,47.83972,35.14057,1,6
551226,2024-10-26,2024-10-26,48.178318,37.630405,1,3
551227,2024-10-26,2024-10-26,47.838199,37.105957,1,1
551229,2024-10-26,2024-10-26,48.09823,37.36315,1,10
551230,2024-10-26,2024-10-26,48.221848,37.198509,1,2
551231,2024-10-26,2024-10-26,48.22541,37.26245,1,5
551232,2024-10-26,2024-10-26,48.24221,37.33707,1,1
551233,2024-10-26,2024-10-26,50.28508,36.45585,1,1
551234,2024-10-26,2024-10-26,48.644207,37.96638,1,4
551235,2024-10-26,2024-10-26,48.766929,37.517175,1,12
551236,2024-10-26,2024-10-26,49.06993,37.95459,1,11
551237,2024-10-27,2024-10-27,48.20135,37.33929,1,5
551252,2024-10-27,2024-10-27,49.635556,37.899167,1,22
551253,2024-10-27,2024-10-27,49.41029,38.15035,1,1
551254,2024-10-27,2024-10-27,48.676254,38.098621,1,21
551255,2024-10-27,2024-10-27,48.14708,37.30032,1,5
551256,2024-10-27,2024-10-27,48.0,38.0,1,1
551257,2024-10-27,2024-10-27,48.178318,37.630405,1,9
551258,2024-10-27,2024-10-27,48.3,38.05,1,14
551259,2024-10-27,2024-10-27,47.78172,37.07086,1,5
551260,2024-10-27,2024-10-27,47.7553,37.30208,1,1
551262,2024-10-28,2024-10-28,49.27293,38.02152,1,40
551268,2024-10-28,2024-10-28,49.5,36.5,1,3
551269,2024-10-28,2024-10-28,46.6406,32.61589,1,1
551271,2024-10-28,2024-10-28,48.3534,37.83451,1,10
551272,2024-10-28,2024-10-28,47.91591,37.45934,1,5
551273,2024-10-28,2024-10-28,47.874642,37.343497,1,23
551274,2024-10-28,2024-10-28,47.8815,37.35702,1,6
551275,2024-10-29,2024-10-29,50.29078,36.94108,1,7
551278,2024-10-29,2024-10-29,48.221848,37.198509,1,7
551279,2024-10-29,2024-10-29,47.8815,37.35702,1,1
551281,2024-10-29,2024-10-29,47.49493,36.713821,1,1
551284,2024-10-29,2024-10-29,48.14,37.74,1,3
551285,2024-10-29,2024-10-29,47.973271,37.3965,1,1
551286,2024-10-29,2024-10-29,48.592436,37.99993,1,2
551287,2024-10-29,2024-10-29,47.987053,37.271787,1,10
551288,2024-10-30,2024-10-30,50.29078,36.94108,1,1
551302,2024-10-30,2024-10-30,48.14708,37.30032,1,1
551304,2024-10-30,2024-10-30,48.14,37.74,1,6
551306,2024-10-31,2024-10-31,48.221848,37.198509,1,21
551310,2024-10-31,2024-10-31,48.0,38.0,1,1
551311,2024-10-31,2024-10-31,48.20135,37.33929,1,5
551315,2024-10-31,2024-10-31,47.874642,37.343497,1,5
551316,2024-10-31,2024-10-31,48.084002,37.317512,1,15
551317,2024-10-31,2024-10-31,48.287672,37.414568,1,5
551318,2024-10-31,2024-10-31,49.478827,38.211317,1,2
551319,2024-10-31,2024-10-31,47.702784,37.201793,1,1
551335,2024-10-01,2024-10-31,49.0,32.0,1,2007
551351,2024-10-01,2024-10-31,49.0,32.0,1,633
551435,2024-11-01,2024-11-01,48.14,37.74,1,2
551437,2024-11-01,2024-11-01,49.5,36.5,1,2
551438,2024-11-01,2024-11-01,46.6406,32.61589,1,2
551440,2024-11-01,2024-11-01,47.83972,35.14057,1,2
551459,2024-11-02,2024-11-02,49.5,36.5,1,2
551460,2024-11-02,2024-11-02,47.83972,35.14057,1,2
551461,2024-11-02,2024-11-02,46.6406,32.61589,1,2
551462,2024-11-02,2024-11-02,48.5,35.0,1,2
551463,2024-11-02,2024-11-02,48.14,37.74,1,2
551513,2024-11-03,2024-11-03,46.6406,32.61589,1,2
551514,2024-11-03,2024-11-03,48.5,35.0,1,2
551515,2024-11-03,2024-11-03,48.14,37.74,1,2
551516,2024-11-03,2024-11-03,48.14,37.74,1,2
551517,2024-11-03,2024-11-03,49.5,36.5,1,2
551518,2024-11-03,2024-11-03,48.14,37.74,1,2
551519,2024-11-03,2024-11-03,48.92,39.02,1,2
551520,2024-11-03,2024-11-03,49.5,36.5,1,2
551522,2024-11-04,2024-11-04,48.14,37.74,1,2
551523,2024-11-04,2024-11-04,49.5,36.5,1,2
551524,2024-11-04,2024-11-04,46.6406,32.61589,1,2
551525,2024-11-04,2024-11-04,47.83972,35.14057,1,2
551529,2024-11-05,2024-11-05,49.0142,38.3,1,2
551535,2024-11-06,2024-11-06,46.52973,32.52408,1,1
551541,2024-11-05,2024-11-05,47.83972,35.14057,1,2
551542,2024-11-05,2024-11-05,48.14,37.74,1,2
551543,2024-11-05,2024-11-05,48.14,37.74,1,2
551544,2024-11-05,2024-11-05,47.83972,35.14057,1,2
551545,2024-11-05,2024-11-05,49.5,36.5,1,2
551546,2024-11-05,2024-11-05,46.6406,32.61589,1,2
551547,2024-11-05,2024-11-05,51.0,34.0,1,2
551569,2024-11-06,2024-11-06,51.0,34.0,1,2
551570,2024-11-06,2024-11-06,46.6406,32.61589,1,2
551573,2024-11-06,2024-11-06,49.5,36.5,1,2
551574,2024-11-06,2024-11-06,47.83972,35.14057,1,2
551575,2024-11-06,2024-11-06,48.14,37.74,1,2
551576,2024-11-06,2024-11-06,48.14,37.74,1,2
551588,2024-11-08,2024-11-08,48.451029,37.955368,1,2
551591,2024-11-08,2024-11-08,48.3,38.05,1,1
551600,2024-11-02,2024-11-02,48.2688,37.31769,1,2
551602,2024-11-02,2024-11-02,47.973271,37.3965,1,2
551605,2024-11-02,2024-11-03,46.6406,32.61589,1,1
551607,2024-11-03,2024-11-03,48.30161,37.37398,1,2
551802,2024-11-01,2024-11-01,47.94495,37.12224,1,2
551803,2024-11-01,2024-11-01,48.14542,37.18449,1,1
551804,2024-11-01,2024-11-01,48.59348,37.85724,1,1
551805,2024-11-02,2024-11-02,46.71717,32.65697,1,1
551806,2024-11-02,2024-11-02,48.47236,37.76498,1,2
551808,2024-11-04,2024-11-04,46.705,32.68944,1,1
551810,2024-11-05,2024-11-05,47.84126,35.121166,1,8
551827,2024-11-05,2024-11-05,49.587105,37.708889,1,2
551855,2024-11-06,2024-11-06,47.17854,33.24989,1,1
551888,2024-11-06,2024-11-06,51.94765,33.78759,1,1
551889,2024-11-06,2024-11-06,46.63695,32.61458,1,1
551892,2024-11-07,2024-11-07,47.84126,35.121166,1,10
551935,2024-11-07,2024-11-08,46.466667,30.733333,1,2
551938,2024-11-07,2024-11-08,46.6406,32.61589,1,1
551942,2024-11-08,2024-11-08,46.63695,32.61458,1,1
551944,2024-11-08,2024-11-08,46.570878,32.145303,1,1
551947,2024-11-08,2024-11-08,46.842916,33.432214,1,1
551948,2024-11-08,2024-11-08,47.987053,37.271787,1,1
551952,2024-11-08,2024-11-09,46.466667,30.733333,1,1
551974,2024-11-09,2024-11-09,48.13497,37.14024,1,1
551980,2024-11-09,2024-11-09,49.706668,37.610816,1,2
551982,2024-11-10,2024-11-10,51.95227,33.93572,1,1
552008,2024-11-04,2024-11-04,48.15113,37.2494,1,2
552022,2024-11-05,2024-11-05,47.973271,37.3965,1,2
552023,2024-11-05,2024-11-05,48.22541,37.26245,1,2
552027,2024-11-06,2024-11-06,50.24047,36.79312,1,2
552029,2024-11-07,2024-11-07,48.853912,37.776629,1,2
552032,2024-11-07,2024-11-07,48.23401,37.27637,1,2
552554,2024-11-08,2024-11-08,48.01,37.30175,1,2
552555,2024-11-08,2024-11-08,48.2688,37.31769,1,2
552560,2024-11-09,2024-11-09,48.22541,37.26245,1,2
552563,2024-11-09,2024-11-09,50.29078,36.94108,1,2
552590,2024-11-10,2024-11-10,48.30161,37.37398,1,2
552591,2024-11-11,2024-11-11,46.72185,32.81139,1,1
552593,2024-11-11,2024-11-11,47.56826,34.39126,1,2
552596,2024-11-11,2024-11-11,48.17016,37.20351,1,2
552597,2024-11-11,2024-11-11,48.01,37.30175,1,2
552605,2024-11-12,2024-11-12,50.29078,36.94108,1,2
552606,2024-11-12,2024-11-12,48.13165,37.2068,1,2
552610,2024-11-13,2024-11-13,48.32113,37.763277,1,1
552612,2024-11-13,2024-11-13,48.21364,37.2219,1,1
552646,2024-11-14,2024-11-14,48.01274,37.25884,1,2
552647,2024-11-14,2024-11-14,48.23401,37.27637,1,2
552737,2024-11-15,2024-11-15,48.17016,37.20351,1,2
552738,2024-11-15,2024-11-15,50.29078,36.94108,1,1
552739,2024-11-15,2024-11-15,50.27387,36.31865,1,1
552752,2024-11-16,2024-11-16,48.16216,37.17998,1,2
552757,2024-11-17,2024-11-17,46.959201,31.987586,1,2
552761,2024-11-17,2024-11-17,47.56826,34.39126,1,2
552762,2024-11-17,2024-11-17,46.63695,32.61458,1,1
552766,2024-11-17,2024-11-17,47.987053,37.271787,1,2
552767,2024-11-17,2024-11-17,48.30161,37.37398,1,2
552768,2024-11-18,2024-11-18,48.13165,37.2068,1,2
552769,2024-11-18,2024-11-18,50.29078,36.94108,1,2
552771,2024-11-19,2024-11-19,48.287672,37.414568,1,2
552853,2024-11-10,2024-11-11,46.959201,31.987586,1,5
552854,2024-11-11,2024-11-11,47.84126,35.121166,1,1
552893,2024-11-10,2024-11-10,48.853912,37.776629,1,1
552894,2024-11-10,2024-11-10,48.382222,37.108611,1,1
552896,2024-11-11,2024-11-11,47.910483,33.391783,1,4
553170,2024-11-11,2024-11-12,46.6406,32.61589,1,1
553237,2024-11-13,2024-11-13,46.842916,33.432214,1,1
553244,2024-11-13,2024-11-13,47.90107,36.67993,1,1
553245,2024-11-13,2024-11-13,48.19526,37.08885,1,1
553292,2024-11-14,2024-11-14,46.466667,30.733333,1,1
553440,2024-11-15,2024-11-15,46.67666,32.73061,1,1
553455,2024-11-14,2024-11-15,48.279112,37.177579,1,1
553462,2024-11-15,2024-11-15,48.59348,37.85724,1,1
553463,2024-11-15,2024-11-15,48.853333,37.625,1,1
553464,2024-11-15,2024-11-15,47.987053,37.271787,1,1
553467,2024-11-14,2024-11-14,46.57119,32.39462,1,1
553469,2024-11-15,2024-11-16,46.6406,32.61589,1,1
553511,2024-11-17,2024-11-17,50.35328,24.38244,1,1
553515,2024-11-17,2024-11-17,46.466667,30.733333,1,2
553518,2024-11-17,2024-11-17,46.63695,32.61458,1,1
553522,2024-11-17,2024-11-17,46.63695,32.61458,1,1
553560,2024-11-17,2024-11-17,52.26291,33.6016,1,1
553561,2024-11-17,2024-11-17,49.587105,37.708889,1,1
553562,2024-11-17,2024-11-17,50.9216,34.80029,1,11
553564,2024-11-17,2024-11-18,46.6406,32.61589,1,1
553567,2024-11-18,2024-11-18,46.68333,32.7,1,1
553571,2024-11-18,2024-11-18,46.466667,30.733333,1,11
553573,2024-11-18,2024-11-18,48.520114,37.704963,1,2
553595,2024-11-18,2024-11-18,51.678937,33.912367,1,12
553598,2024-11-18,2024-11-18,46.582995,32.196668,1,1
553600,2024-11-18,2024-11-18,48.871678,38.092445,1,1
553604,2024-11-19,2024-11-19,46.75209,32.95826,1,1
553607,2024-11-19,2024-11-19,46.63695,32.61458,1,1
553633,2024-11-19,2024-11-19,46.8112,32.31266,1,3
553636,2024-11-20,2024-11-20,48.73401,37.70334,1,1
553640,2024-11-20,2024-11-21,46.6406,32.61589,1,1
553641,2024-11-19,2024-11-19,46.750146,32.79057,1,1
553642,2024-11-22,2024-11-22,50.9216,34.80029,1,2
553643,2024-11-21,2024-11-22,46.6406,32.61589,1,1
553644,2024-11-21,2024-11-21,48.871678,38.092445,1,1
553645,2024-11-22,2024-11-22,48.68542,37.5303,1,1
553649,2024-11-22,2024-11-22,47.657894,35.692445,1,1
553657,2024-11-21,2024-11-21,48.397804,37.843767,3,2
553660,2024-11-01,2024-11-01,48.14708,37.30032,1,3
553661,2024-10-23,2024-10-23,48.14708,37.30032,1,3
553662,2024-11-10,2024-11-10,48.08706,37.22215,1,5
553663,2024-11-20,2024-11-20,48.16216,37.17998,1,2
553664,2024-11-20,2024-11-20,47.973271,37.3965,1,2
553666,2024-11-21,2024-11-21,50.29078,36.94108,1,2
553667,2024-11-21,2024-11-21,48.22541,37.26245,1,2
553668,2024-10-02,2024-10-02,47.78031,37.25064,1,5
553671,2024-11-22,2024-11-22,48.17016,37.20351,1,2
553672,2024-11-23,2024-11-23,48.2688,37.31769,1,2
553673,2024-11-23,2024-11-23,47.987053,37.271787,1,2
553674,2024-11-24,2024-11-24,48.21364,37.2219,1,2
553883,2024-11-10,2024-11-10,49.09226,37.96081,3,1
553884,2024-11-11,2024-11-11,48.13165,37.2068,3,0
554000,2024-11-08,2024-11-08,49.5,36.5,1,2
554001,2024-11-08,2024-11-08,48.14,37.74,1,2
554002,2024-11-08,2024-11-08,48.14,37.74,1,2
554003,2024-11-08,2024-11-08,49.5,36.5,1,2
554006,2024-11-08,2024-11-08,47.83972,35.14057,1,2
554013,2024-11-09,2024-11-09,46.750488,33.367315,1,1
554025,2024-11-09,2024-11-09,48.14,37.74,1,2
554027,2024-11-09,2024-11-09,48.14,37.74,1,2
554028,2024-11-09,2024-11-09,49.5,36.5,1,2
554094,2024-11-10,2024-11-10,46.6406,32.61589,1,2
554095,2024-11-10,2024-11-10,47.83972,35.14057,1,2
554096,2024-11-10,2024-11-10,48.14,37.74,1,2
554098,2024-11-10,2024-11-10,48.14,37.74,1,2
554099,2024-11-10,2024-11-10,49.5,36.5,1,2
554100,2024-11-10,2024-11-10,49.5,36.5,1,2
554101,2024-11-10,2024-11-10,48.14,37.74,1,2
554102,2024-11-10,2024-11-10,47.83972,35.14057,1,2
554155,2024-11-11,2024-11-11,48.14,37.74,1,2
554156,2024-11-11,2024-11-11,47.83972,35.14057,1,2
554158,2024-11-11,2024-11-11,49.5,36.5,1,2
554159,2024-11-11,2024-11-11,48.14,37.74,1,2
554160,2024-11-11,2024-11-11,46.6406,32.61589,1,2
554161,2024-11-11,2024-11-11,47.83972,35.14057,1,2
554166,2024-11-13,2024-11-13,44.60795,33.52134,1,1
554170,2024-11-12,2024-11-12,47.83972,35.14057,1,2
554171,2024-11-12,2024-11-12,46.6406,32.61589,1,2
554172,2024-11-12,2024-11-12,49.5,36.5,1,2
554181,2024-11-12,2024-11-12,48.14,37.74,1,2
554184,2024-11-12,2024-11-12,48.14,37.74,1,2
554192,2024-11-13,2024-11-13,47.498902,34.623017,1,1
554198,2024-11-13,2024-11-13,48.14,37.74,1,2
554200,2024-11-13,2024-11-13,49.5,36.5,1,2
554201,2024-11-13,2024-11-13,48.14,37.74,1,2
554202,2024-11-13,2024-11-13,47.83972,35.14057,1,2
554205,2024-11-13,2024-11-13,47.83972,35.14057,1,2
554206,2024-11-13,2024-11-13,46.6406,32.61589,1,2
554208,2024-11-14,2024-11-14,48.90421,38.44094,1,1
554209,2024-11-14,2024-11-14,49.0142,38.3,1,1
554213,2024-11-15,2024-11-15,47.357024,36.204733,1,1
554218,2024-11-15,2024-11-15,49.5,36.5,1,2
554219,2024-11-15,2024-11-15,47.83972,35.14057,1,2
554220,2024-11-15,2024-11-15,46.6406,32.61589,1,2
554222,2024-11-15,2024-11-15,48.14,37.74,1,2
554223,2024-11-15,2024-11-15,48.14,37.74,1,2
554224,2024-11-15,2024-11-15,47.83972,35.14057,1,2
554226,2024-11-15,2024-11-15,48.14,37.74,1,2
554229,2024-11-16,2024-11-16,46.48818,32.97348,1,1
554230,2024-11-16,2024-11-16,48.14,37.74,1,2
554231,2024-11-16,2024-11-16,49.5,36.5,1,2
554234,2024-11-16,2024-11-16,47.83972,35.14057,1,2
554235,2024-11-16,2024-11-16,46.6406,32.61589,1,2
554236,2024-11-16,2024-11-16,49.5,36.5,1,2
554237,2024-11-16,2024-11-16,48.14,37.74,1,2
554238,2024-11-16,2024-11-16,48.92,39.02,1,2
554580,2024-11-25,2024-11-25,46.63695,32.61458,1,1
554581,2024-11-25,2024-11-25,46.67666,32.73061,1,1
554582,2024-11-25,2024-11-25,48.16356,37.2323,1,2
554602,2024-11-26,2024-11-26,46.750488,33.367315,1,6
554628,2024-11-26,2024-11-26,47.987053,37.271787,1,2
554629,2024-11-26,2024-11-26,48.22541,37.26245,1,2
554644,2024-11-27,2024-11-27,50.307818,37.014103,1,2
554646,2024-11-22,2024-11-22,48.17016,37.20351,1,5
554648,2024-11-28,2024-11-28,48.01274,37.25884,1,2
554649,2024-11-28,2024-11-28,48.30161,37.37398,1,2
554651,2024-11-29,2024-11-29,49.63026,37.6775,1,1
554653,2024-11-29,2024-11-29,48.21364,37.2219,1,2
554655,2024-11-30,2024-11-30,47.91801,37.22885,1,2
554656,2024-11-30,2024-11-30,48.295873,37.270044,1,2
554660,2024-12-01,2024-12-01,48.18617,37.14607,1,2
554661,2024-12-01,2024-12-01,50.334151,36.184694,1,1
554663,2024-12-01,2024-12-01,50.24047,36.79312,1,1
554759,2024-11-25,2024-11-25,46.64388,31.81824,1,1
554760,2024-11-25,2024-11-25,47.991926,37.178497,1,1
554761,2024-11-26,2024-11-26,50.9216,34.80029,1,2
554781,2024-11-27,2024-11-27,46.625231,32.441369,1,1
554784,2024-11-28,2024-11-28,48.653171,37.78373,1,2
554788,2024-11-28,2024-11-28,50.20412,37.11265,1,2
554790,2024-11-28,2024-11-28,46.67666,32.73061,1,1
554799,2024-11-29,2024-11-29,46.63695,32.61458,1,1
554800,2024-11-29,2024-11-30,47.768819,34.442035,1,1
554802,2024-11-29,2024-11-29,49.019998,37.929956,1,1
554803,2024-11-30,2024-11-30,46.67666,32.73061,1,2
554804,2024-11-30,2024-11-30,48.295873,37.270044,1,2
554805,2024-11-30,2024-11-30,46.63695,32.61458,1,2
554806,2024-11-30,2024-11-30,48.5,35.0,1,5
554809,2024-12-01,2024-12-01,46.63695,32.61458,1,3
555125,2024-11-17,2024-11-17,48.92,39.02,1,2
555127,2024-11-17,2024-11-17,46.6406,32.61589,1,2
555128,2024-11-17,2024-11-17,47.83972,35.14057,1,2
555130,2024-11-17,2024-11-17,49.5,36.5,1,2
555134,2024-11-17,2024-11-17,48.14,37.74,1,2
555136,2024-11-17,2024-11-17,51.0,34.0,1,2
555164,2024-11-18,2024-11-18,47.83972,35.14057,1,2
555166,2024-11-18,2024-11-18,48.14,37.74,1,2
555174,2024-11-18,2024-11-18,49.5,36.5,1,2
555189,2024-11-20,2024-11-20,48.3,38.05,1,1
555216,2024-11-19,2024-11-19,48.14,37.74,1,2
555287,2024-11-20,2024-11-20,48.14,37.74,1,2
555292,2024-11-20,2024-11-20,49.5,36.5,1,2
555316,2024-11-20,2024-11-20,46.6406,32.61589,1,2
555317,2024-11-20,2024-11-20,47.83972,35.14057,1,2
555388,2024-11-22,2024-11-22,48.14,37.74,1,2
555390,2024-11-22,2024-11-22,49.5,36.5,1,2
555399,2024-11-23,2024-11-23,49.5,36.5,1,2
555400,2024-11-23,2024-11-23,48.14,37.74,1,2
555401,2024-11-23,2024-11-23,48.92,39.02,1,2
555403,2024-11-23,2024-11-23,47.83972,35.14057,1,2
555406,2024-11-23,2024-11-23,46.6406,32.61589,1,2
555410,2024-11-21,2024-11-23,48.3,38.05,1,1
555415,2024-11-24,2024-11-24,48.435297,38.220482,1,1
555502,2024-11-25,2024-11-25,46.506992,32.589536,1,1
555504,2024-11-24,2024-11-24,48.14,37.74,1,2
555507,2024-11-24,2024-11-24,47.83972,35.14057,1,2
555511,2024-11-24,2024-11-24,46.6406,32.61589,1,2
555512,2024-11-24,2024-11-24,49.5,36.5,1,2
555567,2024-11-25,2024-11-25,48.14,37.74,1,2
555570,2024-11-25,2024-11-25,49.5,36.5,1,2
555571,2024-11-25,2024-11-25,46.6406,32.61589,1,2
555639,2024-11-26,2024-11-26,47.527163,37.496377,1,1
555662,2024-11-26,2024-11-26,48.14,37.74,1,2
555663,2024-11-26,2024-11-26,47.83972,35.14057,1,2
555666,2024-11-26,2024-11-26,49.5,36.5,1,2
555686,2024-11-27,2024-11-27,47.83972,35.14057,1,2
555687,2024-11-27,2024-11-27,49.5,36.5,1,2
555701,2024-11-27,2024-11-27,48.14,37.74,1,2
555737,2024-11-29,2024-11-29,48.14,37.74,1,2
555738,2024-11-29,2024-11-29,47.83972,35.14057,1,2
555747,2024-11-29,2024-11-29,49.5,36.5,1,2
555748,2024-11-29,2024-11-29,46.6406,32.61589,1,2
555752,2024-11-30,2024-11-30,48.14,37.74,1,2
555753,2024-11-30,2024-11-30,49.5,36.5,1,2
555754,2024-11-30,2024-11-30,47.83972,35.14057,1,2
555755,2024-11-30,2024-11-30,46.6406,32.61589,1,2
555851,2024-12-02,2024-12-02,49.55404,25.59067,1,1
555856,2024-11-17,2024-11-17,49.25,33.32,1,1
555861,2024-12-02,2024-12-02,48.279112,37.177579,1,1
555863,2024-12-02,2024-12-02,46.63695,32.61458,1,1
555867,2024-12-03,2024-12-03,48.25348,37.04913,1,1
555871,2024-12-03,2024-12-03,48.279112,37.177579,1,1
555895,2024-12-03,2024-12-03,48.520114,37.704963,1,1
555896,2024-12-03,2024-12-03,47.991926,37.178497,1,1
555901,2024-12-04,2024-12-04,46.67666,32.73061,1,1
555914,2024-12-04,2024-12-04,47.768819,34.442035,1,1
555918,2024-12-04,2024-12-04,46.57119,32.39462,1,1
555929,2024-12-04,2024-12-04,49.706668,37.610816,1,1
555945,2024-12-06,2024-12-06,47.910483,33.391783,1,3
555946,2024-12-06,2024-12-06,47.84126,35.121166,1,10
555951,2024-12-07,2024-12-07,47.6449,35.29074,1,1
555954,2024-12-07,2024-12-07,47.991926,37.178497,1,2
555955,2024-12-08,2024-12-08,46.67666,32.73061,1,1
556019,2024-12-02,2024-12-02,47.94687,37.27033,1,2
556020,2024-12-02,2024-12-02,48.18617,37.14607,1,2
556022,2024-12-03,2024-12-03,46.625231,32.441369,1,1
556023,2024-12-03,2024-12-03,46.842916,33.432214,1,1
556025,2024-12-03,2024-12-03,48.22541,37.26245,1,2
556026,2024-12-03,2024-12-03,50.211378,36.726393,1,2
556036,2024-12-09,2024-12-09,48.0,37.805278,1,1
556039,2024-12-04,2024-12-04,48.16216,37.17998,1,2
556043,2024-12-05,2024-12-05,47.5605,31.336117,1,1
556047,2024-12-05,2024-12-05,48.19526,37.08885,1,2
556049,2024-12-06,2024-12-06,48.30161,37.37398,1,2
556050,2024-12-06,2024-12-06,50.211378,36.726393,1,2
556054,2024-12-07,2024-12-07,48.295873,37.270044,1,2
556059,2024-12-08,2024-12-08,47.91801,37.22885,1,2
556060,2024-12-08,2024-12-08,48.2688,37.31769,1,2
556608,2024-10-21,2024-10-21,48.194898,37.65,1,1
556612,2024-10-25,2024-10-25,49.16756,37.97801,1,5
556618,2024-12-09,2024-12-09,48.21364,37.2219,1,2
556619,2024-12-09,2024-12-09,50.211378,36.726393,1,2
556622,2024-12-10,2024-12-10,48.279112,37.177579,1,2
556624,2024-10-28,2024-10-28,47.5,36.38,1,2
556626,2024-10-28,2024-10-28,47.86651,37.40701,1,6
556630,2024-10-31,2024-10-31,49.57447,37.91537,1,5
556634,2024-10-31,2024-10-31,49.52196,37.95456,1,5
556644,2024-12-11,2024-12-11,48.22541,37.26245,1,2
556645,2024-12-11,2024-12-11,48.01416,37.205786,1,2
556648,2024-10-31,2024-10-31,48.184169,37.390195,1,5
556653,2024-11-01,2024-11-01,48.80522,38.14652,1,24
556655,2024-11-01,2024-11-01,48.74412,38.15272,1,11
556656,2024-11-01,2024-11-01,48.813056,38.195556,1,7
556657,2024-11-01,2024-11-01,49.16756,37.97801,1,6
556658,2024-11-01,2024-11-01,49.38212,37.85364,1,1
556659,2024-11-01,2024-11-01,48.592436,37.99993,1,2
556661,2024-11-01,2024-11-01,47.7553,37.30208,1,1
556662,2024-11-01,2024-11-01,49.8775,37.497109,1,1
556664,2024-11-02,2024-11-02,48.3713,37.892371,1,5
556680,2024-11-02,2024-11-02,48.813056,38.195556,1,13
556681,2024-11-02,2024-11-02,48.14,37.74,1,1
556683,2024-11-02,2024-11-02,47.333839,33.565379,1,4
556684,2024-11-02,2024-11-02,48.80522,38.14652,1,4
556686,2024-11-02,2024-11-02,49.206944,38.084444,1,1
556687,2024-11-03,2024-11-03,48.20135,37.33929,1,1
556694,2024-11-03,2024-11-03,48.221848,37.198509,1,2
556695,2024-11-03,2024-11-03,49.06993,37.95459,1,6
556696,2024-11-03,2024-11-03,48.13165,37.2068,1,6
556697,2024-11-04,2024-11-04,48.80522,38.14652,1,21
556698,2024-11-03,2024-11-03,47.88752,37.2997,1,7
556699,2024-12-12,2024-12-12,48.2688,37.31769,1,2
556700,2024-12-12,2024-12-12,50.211378,36.726393,1,2
556702,2024-11-04,2024-11-04,47.874642,37.343497,1,10
556703,2024-11-04,2024-11-04,49.09226,37.96081,1,10
556707,2024-11-05,2024-11-05,48.16348,37.64492,1,1
556708,2024-11-05,2024-11-05,47.9648,37.43602,1,1
556710,2024-11-05,2024-11-05,48.20135,37.33929,1,5
556711,2024-11-05,2024-11-05,48.72778,38.25873,1,6
556713,2024-12-13,2024-12-13,48.21503,37.19076,1,2
556714,2024-12-14,2024-12-14,48.045922,37.188833,1,2
556715,2024-12-14,2024-12-14,48.23401,37.27637,1,2
556717,2024-12-15,2024-12-15,48.23399,37.11148,1,2
556718,2024-12-15,2024-12-15,50.211378,36.726393,1,2
556723,2024-12-09,2024-12-09,46.63695,32.61458,1,1
556724,2024-12-09,2024-12-09,48.853912,37.776629,1,1
556725,2024-12-09,2024-12-09,48.32804,37.68157,1,1
556727,2024-11-06,2024-11-06,49.52055,37.98224,1,1
556728,2024-11-06,2024-11-06,48.14708,37.30032,1,5
556729,2024-11-06,2024-11-06,49.09226,37.96081,1,5
556730,2024-11-06,2024-11-06,48.13165,37.2068,1,7
556732,2024-11-06,2024-11-06,48.221848,37.198509,1,5
556733,2024-11-06,2024-11-06,49.041997,38.210206,1,7
556734,2024-11-06,2024-11-06,49.5,36.5,1,7
556737,2024-12-10,2024-12-10,46.7857,33.30217,1,1
556739,2024-12-10,2024-12-10,47.84126,35.121166,1,11
556740,2024-12-11,2024-12-11,51.17566,34.97652,1,2
556743,2024-12-12,2024-12-12,46.63695,32.61458,1,1
556745,2024-11-07,2024-11-07,49.09226,37.96081,1,7
556746,2024-11-07,2024-11-07,47.941669,37.504218,1,7
556749,2024-11-07,2024-11-07,48.20135,37.33929,1,1
556750,2024-11-07,2024-11-07,48.084002,37.317512,1,7
556751,2024-11-07,2024-11-07,48.16348,37.64492,1,6
556757,2024-12-12,2024-12-13,46.6406,32.61589,1,1
556758,2024-12-11,2024-12-11,46.78551,33.35002,1,1
556785,2024-12-13,2024-12-14,46.6406,32.61589,1,2
556791,2024-12-14,2024-12-14,48.468196,35.028785,1,1
556932,2024-11-08,2024-11-08,48.592436,37.99993,1,1
556933,2024-11-08,2024-11-08,50.04465,37.63621,1,8
556934,2024-11-08,2024-11-08,47.79425,36.99047,1,17
556935,2024-11-09,2024-11-09,47.9648,37.43602,1,22
556937,2024-11-08,2024-11-08,48.14,37.74,1,5
556941,2024-11-08,2024-11-08,48.92,39.02,1,1
556942,2024-11-08,2024-11-08,46.6406,32.61589,1,6
556947,2024-11-08,2024-11-08,48.3534,37.83451,1,5
556948,2024-11-08,2024-11-08,47.5,36.38,1,4
556951,2024-11-09,2024-11-09,48.92,39.02,1,5
556952,2024-11-09,2024-11-09,48.32726,37.84336,1,5
556953,2024-11-09,2024-11-09,47.987053,37.271787,1,2
556956,2024-11-09,2024-11-09,48.184169,37.390195,1,5
556957,2024-11-09,2024-11-09,47.973271,37.3965,1,5
556958,2024-11-09,2024-11-09,48.14708,37.30032,1,5
556959,2024-11-09,2024-11-09,49.227116,37.983578,1,1
556960,2024-11-10,2024-11-10,47.987053,37.271787,1,1
556962,2024-11-10,2024-11-10,49.8775,37.497109,1,8
556964,2024-11-10,2024-11-10,47.941669,37.504218,1,1
556965,2024-11-10,2024-11-10,48.3534,37.83451,1,11
556969,2024-12-01,2024-12-01,47.83972,35.14057,1,2
556970,2024-12-01,2024-12-01,48.14,37.74,1,2
556971,2024-12-01,2024-12-01,49.5,36.5,1,2
556972,2024-12-01,2024-12-01,46.6406,32.61589,1,2
556975,2024-12-02,2024-12-02,47.24744,35.708932,1,1
556984,2024-11-12,2024-11-12,47.874642,37.343497,1,1
556985,2024-11-11,2024-11-11,49.041997,38.210206,1,4
556986,2024-11-11,2024-11-11,47.74485,36.59698,1,2
556987,2024-11-11,2024-11-11,48.221848,37.198509,1,2
556988,2024-11-11,2024-11-11,48.807965,38.240373,1,5
556990,2024-11-11,2024-11-11,48.14789,37.36376,1,5
556991,2024-11-11,2024-11-11,47.987053,37.271787,1,5
556992,2024-11-11,2024-11-11,47.874642,37.343497,1,5
556999,2024-12-02,2024-12-02,49.5,36.5,1,2
557000,2024-12-02,2024-12-02,48.14,37.74,1,2
557005,2024-12-03,2024-12-03,48.3,38.05,1,1
557011,2024-11-12,2024-11-12,48.14,37.74,1,1
557012,2024-11-12,2024-11-12,47.91591,37.45934,1,1
557013,2024-11-12,2024-11-12,48.92,39.02,1,5
557015,2024-11-12,2024-11-12,47.94687,37.27033,1,10
557016,2024-11-12,2024-11-12,49.09226,37.96081,1,7
557018,2024-11-12,2024-11-12,46.6406,32.61589,1,1
557021,2024-11-13,2024-11-13,48.80522,38.14652,1,24
557024,2024-12-02,2024-12-02,46.6406,32.61589,1,2
557034,2024-12-03,2024-12-03,49.5,36.5,1,2
557035,2024-12-03,2024-12-03,47.83972,35.14057,1,2
557036,2024-12-03,2024-12-03,46.6406,32.61589,1,2
557037,2024-12-03,2024-12-03,48.14,37.74,1,2
557040,2024-11-13,2024-11-13,48.221848,37.198509,1,8
557046,2024-11-13,2024-11-13,47.71164,36.59488,1,5
557049,2024-11-13,2024-11-13,49.706668,37.610816,1,1
557050,2024-11-13,2024-11-13,49.720989,37.718728,1,7
557051,2024-11-13,2024-11-13,47.987053,37.271787,1,6
557052,2024-11-13,2024-11-13,48.16348,37.64492,1,2
557053,2024-11-13,2024-11-13,48.212104,37.378531,1,1
557060,2024-11-14,2024-11-14,48.221848,37.198509,1,6
557068,2024-11-14,2024-11-14,48.15113,37.2494,1,1
557069,2024-11-14,2024-11-14,49.00048,38.11234,1,1
557072,2024-11-14,2024-11-14,49.7832,36.7569,1,5
557077,2024-11-15,2024-11-15,48.13165,37.2068,1,12
557078,2024-11-15,2024-11-15,47.987053,37.271787,1,8
557081,2024-11-16,2024-11-16,48.221848,37.198509,1,1
557082,2024-11-16,2024-11-16,47.94687,37.27033,1,5
557083,2024-11-16,2024-11-16,47.786361,36.698694,1,6
557084,2024-11-16,2024-11-16,48.218931,37.41328,1,2
557086,2024-11-16,2024-11-16,47.973271,37.3965,1,5
557088,2024-11-16,2024-11-16,48.59348,37.85724,1,5
557097,2024-11-17,2024-11-17,48.22541,37.26245,1,6
557098,2024-11-17,2024-11-17,48.221848,37.198509,1,1
557099,2024-11-17,2024-11-17,48.268307,38.370347,1,12
557104,2024-12-04,2024-12-04,47.83972,35.14057,1,2
557105,2024-12-04,2024-12-04,48.14,37.74,1,2
557106,2024-11-18,2024-11-18,48.221848,37.198509,1,1
557107,2024-11-18,2024-11-18,48.045922,37.188833,1,2
557108,2024-11-18,2024-11-18,47.702784,37.201793,1,5
557111,2024-11-18,2024-11-18,47.9648,37.43602,1,5
557115,2024-11-19,2024-11-19,48.766929,37.517175,1,5
557120,2024-10-31,2024-10-31,46.763064,36.791509,1,1
557123,2024-11-19,2024-11-19,48.3713,37.892371,1,5
557124,2024-11-19,2024-11-19,47.874642,37.343497,1,5
557125,2024-11-19,2024-11-19,48.221848,37.198509,1,1
557126,2024-11-19,2024-11-19,47.515754,36.827504,1,4
557128,2024-11-19,2024-11-19,48.16356,37.2323,1,5
557169,2024-12-06,2024-12-06,49.5,36.5,1,2
557170,2024-12-06,2024-12-06,48.14,37.74,1,2
557172,2024-11-01,2024-11-30,49.0,32.0,1,474
557173,2024-11-01,2024-11-30,49.0,32.0,1,2137
557175,2024-12-06,2024-12-06,51.0,34.0,1,2
557178,2024-11-20,2024-11-20,48.999497,37.967459,1,5
557179,2024-11-20,2024-11-20,48.243849,37.61202,1,6
557181,2024-11-21,2024-11-21,47.702784,37.201793,1,5
557182,2024-11-21,2024-11-21,49.74063,37.91333,1,1
557183,2024-11-21,2024-11-21,48.221848,37.198509,1,1
557184,2024-11-21,2024-11-21,50.30106,36.39886,1,1
557185,2024-11-21,2024-11-21,47.874642,37.343497,1,1
557186,2024-11-21,2024-11-21,50.29078,36.94108,1,8
557187,2024-11-21,2024-11-21,48.20135,37.33929,1,5
557191,2024-11-22,2024-11-22,47.786361,36.698694,1,2
557192,2024-11-22,2024-11-22,47.839588,36.835952,1,1
557193,2024-11-22,2024-11-22,47.79425,36.99047,1,7
557194,2024-11-22,2024-11-22,49.09226,37.96081,1,11
557195,2024-11-22,2024-11-22,47.973271,37.3965,1,1
557197,2024-11-22,2024-11-22,47.88752,37.2997,1,7
557200,2024-11-23,2024-11-23,48.97,39.0,1,2
557203,2024-11-23,2024-11-23,48.74412,38.15272,1,6
557205,2024-11-23,2024-11-23,47.839588,36.835952,1,29
557216,2024-11-24,2024-11-24,48.59348,37.85724,1,11
557217,2024-11-24,2024-11-24,48.59348,37.85724,1,22
557218,2024-11-24,2024-11-24,49.227116,37.983578,1,1
557219,2024-11-24,2024-11-24,46.6406,32.61589,1,6
557220,2024-11-24,2024-11-24,48.221848,37.198509,1,5
557222,2024-11-25,2024-11-25,49.57447,37.91537,1,1
557225,2024-11-25,2024-11-25,49.00048,38.11234,1,34
557226,2024-11-25,2024-11-25,48.08706,37.22215,1,5
557227,2024-11-26,2024-11-26,48.397804,37.843767,1,2
557229,2024-11-25,2024-11-25,48.999497,37.967459,1,1
557230,2024-11-25,2024-11-25,48.57218,37.91742,1,7
557231,2024-11-25,2024-11-25,48.592436,37.99993,1,1
557234,2024-11-26,2024-11-26,47.60334,36.41622,1,5
557238,2024-11-26,2024-11-26,49.227116,37.983578,1,5
557239,2024-11-26,2024-11-26,49.00048,38.11234,1,5
557241,2024-11-26,2024-11-26,50.29078,36.94108,1,5
557242,2024-11-26,2024-11-26,47.717091,37.573761,1,1
557244,2024-11-26,2024-11-26,48.14542,37.18449,1,5
557245,2024-11-27,2024-11-27,48.92,39.02,1,1
557254,2024-11-27,2024-11-27,49.09226,37.96081,1,6
557255,2024-11-27,2024-11-27,48.13165,37.2068,1,1
557259,2024-11-28,2024-11-28,50.24047,36.79312,1,7
557264,2024-11-28,2024-11-28,48.22541,37.26245,1,5
557265,2024-11-28,2024-11-28,50.25661,36.42519,1,5
557267,2024-11-28,2024-11-28,48.14708,37.30032,1,1
557269,2024-11-28,2024-11-28,48.74412,38.15272,1,5
557274,2024-11-29,2024-11-29,47.83972,35.14057,1,2
557275,2024-11-29,2024-11-29,47.781297,36.63664,1,6
557276,2024-11-29,2024-11-29,47.79425,36.99047,1,5
557278,2024-11-30,2024-11-30,47.9234,37.18429,1,1
557282,2024-11-30,2024-11-30,48.13165,37.2068,1,1
557283,2024-11-30,2024-11-30,47.86651,37.40701,1,24
557286,2024-11-30,2024-11-30,50.24665,36.50668,1,5
557293,2024-11-30,2024-11-30,47.874642,37.343497,1,5
557294,2024-11-30,2024-11-30,48.221848,37.198509,1,45
557297,2024-12-07,2024-12-07,48.14,37.74,1,2
557298,2024-12-07,2024-12-07,49.5,36.5,1,2
558434,2024-12-08,2024-12-08,48.14,37.74,1,2
558453,2024-12-09,2024-12-09,47.49629,34.41026,1,1
558464,2024-12-09,2024-12-09,48.14,37.74,1,2
558480,2024-12-10,2024-12-10,48.14,37.74,1,2
558481,2024-12-10,2024-12-10,49.5,36.5,1,2
558482,2024-12-10,2024-12-10,48.92,39.02,1,2
558488,2024-12-11,2024-12-11,48.14,37.74,1,2
558489,2024-12-11,2024-12-11,46.6406,32.61589,1,2
558490,2024-12-11,2024-12-11,49.5,36.5,1,2
558520,2024-12-13,2024-12-13,46.52973,32.52408,1,1
558531,2024-12-13,2024-12-13,48.92,39.02,1,2
558532,2024-12-13,2024-12-13,49.5,36.5,1,2
558541,2024-12-13,2024-12-13,48.14,37.74,1,2
558557,2024-12-13,2024-12-13,51.0,34.0,1,2
558587,2024-12-14,2024-12-14,48.14,37.74,1,2
558588,2024-12-14,2024-12-14,47.83972,35.14057,1,2
558589,2024-12-14,2024-12-14,49.5,36.5,1,2
558590,2024-12-14,2024-12-14,48.92,39.02,1,2
558591,2024-12-15,2024-12-15,48.3,38.05,1,1
559153,2024-12-16,2024-12-16,46.842916,33.432214,1,1
559154,2024-12-16,2024-12-16,47.904229,36.915331,1,2
559155,2024-12-16,2024-12-16,48.22541,37.26245,1,2
559164,2024-12-17,2024-12-17,48.045922,37.188833,1,2
559166,2024-12-17,2024-12-17,48.23399,37.11148,1,2
559201,2024-12-18,2024-12-18,48.21364,37.2219,1,2
559202,2024-12-18,2024-12-18,50.29078,36.94108,1,2
559220,2024-12-19,2024-12-19,48.30161,37.37398,1,2
559225,2024-12-20,2024-12-20,50.45,30.52333,1,1
559226,2024-12-20,2024-12-20,47.94687,37.27033,1,2
559227,2024-12-20,2024-12-20,48.21503,37.19076,1,2
559232,2024-12-21,2024-12-21,46.62436,32.30784,1,1
559250,2024-12-21,2024-12-21,48.238839,36.989419,1,1
559254,2024-12-21,2024-12-21,48.2688,37.31769,1,2
559256,2024-12-21,2024-12-21,50.29078,36.94108,1,1
559259,2024-12-21,2024-12-21,50.334151,36.184694,1,1
559270,2024-12-22,2024-12-22,47.702784,37.201793,1,4
559273,2024-12-22,2024-12-22,48.279112,37.177579,1,1
559276,2024-12-22,2024-12-22,48.32113,37.763277,1,1
559350,2024-12-23,2024-12-23,46.842916,33.432214,1,1
559351,2024-12-23,2024-12-23,47.991926,37.178497,1,2
559353,2024-12-23,2024-12-23,48.302288,37.516739,1,2
559359,2024-12-24,2024-12-24,48.30161,37.37398,1,2
559362,2024-12-24,2024-12-24,50.27387,36.31865,1,1
559364,2024-12-24,2024-12-24,50.29078,36.94108,1,1
559381,2024-12-25,2024-12-25,48.5,35.0,1,1
559382,2024-12-25,2024-12-25,48.302288,37.516739,1,2
559384,2024-12-26,2024-12-26,50.210912,36.15619,1,1
559386,2024-12-26,2024-12-26,50.272064,35.980068,1,1
559391,2024-12-26,2024-12-26,48.59348,37.85724,1,2
559395,2024-12-26,2024-12-26,48.04803,37.1401,1,2
559396,2024-12-26,2024-12-26,48.21207,37.17252,1,2
559409,2024-12-27,2024-12-27,48.20497,37.04212,1,2
559411,2024-12-27,2024-12-27,50.29078,36.94108,1,2
559416,2024-12-28,2024-12-28,48.23012,37.08063,1,1
559418,2024-12-28,2024-12-28,48.302288,37.516739,1,1
559424,2024-12-29,2024-12-29,47.987053,37.271787,1,2
559425,2024-12-29,2024-12-29,48.302288,37.516739,1,1
559426,2024-12-29,2024-12-29,48.22541,37.26245,1,1
559430,2024-12-30,2024-12-30,50.211378,36.726393,1,2
559431,2024-12-30,2024-12-30,48.30161,37.37398,1,2
559439,2024-12-31,2024-12-31,48.295873,37.270044,1,2
559446,2024-12-16,2024-12-16,49.706668,37.610816,1,2
559450,2024-12-17,2024-12-17,48.279112,37.177579,1,1
559460,2024-12-17,2024-12-17,46.625231,32.441369,1,1
559468,2024-12-17,2024-12-17,52.1786,32.58181,1,1
559477,2024-12-18,2024-12-18,46.63695,32.61458,1,1
559495,2024-12-18,2024-12-18,52.029229,32.9891,1,1
559499,2024-12-19,2024-12-19,49.69524,37.17513,1,3
559515,2024-12-20,2024-12-20,46.63695,32.61458,1,2
559523,2024-12-19,2024-12-19,48.14,37.74,1,2
559524,2024-12-19,2024-12-19,48.418828,37.761074,1,1
559525,2024-12-19,2024-12-19,48.871678,38.092445,1,1
559546,2024-12-20,2024-12-20,48.520114,37.704963,1,1
559548,2024-12-20,2024-12-20,46.67666,32.73061,1,1
559553,2024-12-21,2024-12-22,46.63695,32.61458,1,2
559555,2024-12-22,2024-12-22,46.842916,33.432214,1,1
559561,2024-12-23,2024-12-23,48.520114,37.704963,1,1
559564,2024-12-24,2024-12-24,46.63695,32.61458,1,1
559566,2024-12-24,2024-12-24,47.910483,33.391783,1,1
559567,2024-12-24,2024-12-24,48.238839,36.989419,1,1
559579,2024-12-25,2024-12-25,49.62059,37.70924,1,1
559589,2024-11-22,2024-11-22,47.94687,37.27033,1,5
559590,2024-11-23,2024-11-23,48.14,37.74,1,5
559592,2024-11-28,2024-11-28,47.941669,37.504218,1,7
559593,2024-11-30,2024-11-30,48.3534,37.83451,1,7
559594,2024-11-30,2024-11-30,47.9648,37.43602,1,14
559595,2024-11-30,2024-11-30,47.973271,37.3965,1,15
559596,2024-11-30,2024-11-30,48.24221,37.33707,1,5
559597,2024-11-30,2024-11-30,47.941669,37.504218,1,5
559598,2024-11-30,2024-11-30,48.243849,37.61202,1,16
559599,2024-11-30,2024-11-30,47.83972,35.14057,1,5
559600,2024-11-30,2024-11-30,47.94687,37.27033,1,10
559601,2024-11-30,2024-11-30,48.61038,37.85974,1,5
559607,2024-12-01,2024-12-01,47.904229,36.915331,1,10
559608,2024-12-01,2024-12-01,50.24803,36.81685,1,10
559609,2024-12-01,2024-12-01,50.27268,36.46987,1,5
559610,2024-12-01,2024-12-01,50.25661,36.42519,1,5
559611,2024-12-02,2024-12-02,48.221848,37.198509,1,1
559612,2024-12-26,2024-12-26,50.86293,35.27823,1,1
559613,2024-12-02,2024-12-02,48.3534,37.83451,1,12
559614,2024-12-02,2024-12-02,48.084002,37.317512,1,5
559615,2024-12-03,2024-12-03,48.66296,38.00205,1,1
559617,2024-12-26,2024-12-26,48.33171,37.3294,1,1
559619,2024-12-27,2024-12-27,50.8,34.4908,1,1
559620,2024-12-03,2024-12-03,48.13165,37.2068,1,6
559621,2024-12-03,2024-12-03,48.22541,37.26245,1,11
559622,2024-12-03,2024-12-03,47.857511,37.213685,1,7
559623,2024-12-03,2024-12-03,48.221848,37.198509,1,7
559624,2024-12-03,2024-12-03,48.13497,37.14024,1,12
559625,2024-12-03,2024-12-03,47.443545,35.835239,1,5
559626,2024-12-03,2024-12-03,47.895641,37.101002,1,2
559627,2024-12-03,2024-12-03,47.717091,37.573761,1,1
559628,2024-12-03,2024-12-03,48.178318,37.630405,1,4
559630,2024-12-03,2024-12-03,49.09226,37.96081,1,1
559631,2024-12-03,2024-12-03,47.83972,35.14057,1,6
559632,2024-12-04,2024-12-04,48.193729,37.541002,1,5
559633,2024-12-28,2024-12-28,48.25348,37.04913,1,1
559634,2024-12-28,2024-12-28,49.85019,37.68262,1,1
559635,2024-12-29,2024-12-29,46.78118,33.05749,1,1
559636,2024-12-29,2024-12-29,48.279112,37.177579,1,1
559638,2024-12-30,2024-12-30,49.63026,37.6775,1,1
559640,2024-12-31,2024-12-31,47.91801,37.22885,1,1
559644,2024-12-04,2024-12-04,47.86651,37.40701,1,5
559645,2024-12-04,2024-12-04,48.13497,37.14024,1,15
559646,2024-12-04,2024-12-04,49.5,36.5,1,5
559647,2024-12-04,2024-12-04,48.24221,37.33707,1,6
559648,2024-12-04,2024-12-04,48.221848,37.198509,1,13
559649,2024-12-04,2024-12-04,47.895641,37.101002,1,5
559650,2024-12-04,2024-12-04,47.89825,37.21653,1,7
559651,2024-12-04,2024-12-04,49.76293,37.69374,1,7
559652,2024-12-04,2024-12-04,49.720989,37.718728,1,14
559653,2024-12-04,2024-12-04,50.307818,37.014103,1,10
559655,2024-12-04,2024-12-04,49.00048,38.11234,1,1
559657,2024-12-05,2024-12-05,47.83972,35.14057,1,4
559660,2024-12-05,2024-12-05,47.89825,37.21653,1,5
559661,2024-12-05,2024-12-05,48.9549,38.135299,1,24
559662,2024-12-05,2024-12-05,48.221848,37.198509,1,1
559663,2024-12-05,2024-12-05,46.6406,32.61589,1,4
559664,2024-12-05,2024-12-05,48.268307,38.370347,1,1
559665,2024-12-06,2024-12-06,48.221848,37.198509,1,6
559666,2024-12-06,2024-12-06,47.473,35.371,1,2
559668,2024-12-06,2024-12-06,49.76293,37.69374,1,9
559671,2024-12-07,2024-12-07,47.9234,37.18429,1,11
559672,2024-12-07,2024-12-07,49.55902,37.71802,1,12
559674,2024-12-07,2024-12-07,48.221848,37.198509,1,1
559675,2024-12-08,2024-12-08,47.9234,37.18429,1,7
559676,2024-12-08,2024-12-08,47.786361,36.698694,1,21
559678,2024-12-08,2024-12-08,48.045922,37.188833,1,5
559680,2024-12-09,2024-12-09,48.268307,38.370347,1,1
559683,2024-12-10,2024-12-10,47.74485,36.59698,1,7
559685,2024-12-10,2024-12-10,47.86863,37.44512,1,5
559686,2024-12-11,2024-12-11,47.89825,37.21653,1,1
559689,2024-12-11,2024-12-11,48.676254,38.098621,1,1
559690,2024-12-11,2024-12-11,49.55902,37.71802,1,38
559692,2024-12-11,2024-12-11,50.24047,36.79312,1,20
559695,2024-12-12,2024-12-12,47.86651,37.40701,1,7
559696,2024-12-12,2024-12-12,48.92,39.02,1,1
559698,2024-12-12,2024-12-12,48.13497,37.14024,1,7
559699,2024-12-12,2024-12-12,47.91801,37.22885,1,7
559715,2024-12-29,2024-12-29,47.374589,35.508623,1,2
559806,2024-12-15,2024-12-15,49.5,36.5,1,2
559808,2024-12-15,2024-12-15,48.14,37.74,1,2
559809,2024-12-15,2024-12-15,46.6406,32.61589,1,2
559810,2024-12-15,2024-12-15,47.83972,35.14057,1,2
559811,2024-12-15,2024-12-15,51.0,34.0,1,2
559828,2024-12-16,2024-12-16,49.5,36.5,1,2
559838,2024-12-16,2024-12-16,48.92,39.02,1,2
559840,2024-12-16,2024-12-16,48.14,37.74,1,2
559843,2024-12-16,2024-12-16,46.6406,32.61589,1,2
559844,2024-12-16,2024-12-16,47.83972,35.14057,1,2
559850,2024-12-16,2024-12-16,51.0,34.0,1,2
559868,2024-12-17,2024-12-17,49.5,36.5,1,2
559873,2024-12-17,2024-12-17,48.14,37.74,1,2
559874,2024-12-17,2024-12-17,48.92,39.02,1,2
559876,2024-12-17,2024-12-17,47.83972,35.14057,1,2
559877,2024-12-17,2024-12-17,46.6406,32.61589,1,2
559880,2024-12-17,2024-12-17,51.0,34.0,1,2
559896,2024-12-18,2024-12-18,49.5,36.5,1,2
559897,2024-12-18,2024-12-18,48.92,39.02,1,2
559899,2024-12-18,2024-12-18,48.14,37.74,1,2
559900,2024-12-18,2024-12-18,46.6406,32.61589,1,2
559901,2024-12-18,2024-12-18,47.83972,35.14057,1,2
559906,2024-12-18,2024-12-18,51.0,34.0,1,2
559918,2024-12-19,2024-12-19,51.0,34.0,1,2
559921,2024-12-20,2024-12-20,49.5,36.5,1,2
559923,2024-12-20,2024-12-20,48.14,37.74,1,2
559925,2024-12-20,2024-12-20,48.92,39.02,1,2
559926,2024-12-20,2024-12-20,47.83972,35.14057,1,2
559927,2024-12-20,2024-12-20,46.6406,32.61589,1,2
559930,2024-12-20,2024-12-20,51.0,34.0,1,2
559936,2024-12-21,2024-12-21,49.5,36.5,1,2
559941,2024-12-21,2024-12-21,48.14,37.74,1,2
559945,2024-12-21,2024-12-21,47.83972,35.14057,1,2
559946,2024-12-21,2024-12-21,46.6406,32.61589,1,2
559948,2024-12-21,2024-12-21,51.0,34.0,1,2
560020,2024-12-22,2024-12-22,49.5,36.5,1,2
560022,2024-12-22,2024-12-22,48.92,39.02,1,2
560023,2024-12-22,2024-12-22,48.14,37.74,1,2
560024,2024-12-22,2024-12-22,47.83972,35.14057,1,2
560025,2024-12-22,2024-12-22,46.6406,32.61589,1,2
560026,2024-12-22,2024-12-22,51.0,34.0,1,2
560029,2024-12-23,2024-12-23,49.5,36.5,1,2
560031,2024-12-23,2024-12-23,48.14,37.74,1,2
560032,2024-12-23,2024-12-23,48.92,39.02,1,2
560033,2024-12-13,2024-12-13,48.21364,37.2219,1,1
560034,2024-12-14,2024-12-14,48.82722,38.359343,1,3
560035,2024-12-14,2024-12-14,48.80522,38.14652,1,14
560036,2024-12-14,2024-12-14,48.74412,38.15272,1,5
560037,2024-12-14,2024-12-14,48.221848,37.198509,1,5
560038,2024-12-14,2024-12-14,47.443545,35.835239,1,5
560039,2024-12-15,2024-12-15,48.221848,37.198509,1,2
560040,2024-12-23,2024-12-23,47.83972,35.14057,1,2
560041,2024-12-23,2024-12-23,46.6406,32.61589,1,2
560042,2024-12-23,2024-12-23,51.0,34.0,1,2
560045,2024-12-15,2024-12-15,49.8775,37.497109,1,2
560046,2024-12-15,2024-12-15,48.0,38.0,1,1
560047,2024-12-15,2024-12-15,48.53001,37.96052,1,14
560048,2024-12-15,2024-12-15,47.9234,37.18429,1,5
560050,2024-12-15,2024-12-15,47.88252,36.83894,1,5
560051,2024-12-16,2024-12-16,47.89825,37.21653,1,6
560052,2024-12-24,2024-12-24,49.5,36.5,1,2
560054,2024-12-24,2024-12-24,48.14,37.74,1,2
560055,2024-12-24,2024-12-24,47.83972,35.14057,1,2
560056,2024-12-16,2024-12-16,47.786361,36.698694,1,5
560057,2024-12-16,2024-12-16,48.80522,38.14652,1,6
560059,2024-12-16,2024-12-16,48.13165,37.2068,1,1
560060,2024-12-17,2024-12-17,47.857511,37.213685,1,11
560061,2024-12-24,2024-12-24,46.6406,32.61589,1,2
560063,2024-12-24,2024-12-24,51.0,34.0,1,2
560070,2024-12-25,2024-12-25,48.14,37.74,1,2
560071,2024-12-25,2024-12-25,49.5,36.5,1,2
560074,2024-12-25,2024-12-25,46.6406,32.61589,1,2
560075,2024-12-25,2024-12-25,47.83972,35.14057,1,2
560077,2024-12-25,2024-12-25,51.0,34.0,1,2
560097,2024-12-26,2024-12-26,51.0,34.0,1,2
560109,2024-12-17,2024-12-17,49.00048,38.11234,1,1
560110,2024-12-17,2024-12-17,48.14,37.74,1,1
560111,2024-12-17,2024-12-17,47.78031,37.25064,1,11
560115,2024-12-17,2024-12-17,49.56723,37.8322,1,1
560116,2024-12-18,2024-12-18,49.8775,37.497109,1,5
560123,2024-12-18,2024-12-18,47.839588,36.835952,1,1
560124,2024-12-18,2024-12-18,49.5,36.5,1,5
560125,2024-12-18,2024-12-18,49.00048,38.11234,1,6
560126,2024-12-18,2024-12-18,49.56723,37.8322,1,11
560127,2024-12-18,2024-12-18,49.5294,37.71496,1,1
560128,2024-12-18,2024-12-18,49.00548,38.1458,1,7
560130,2024-12-19,2024-12-19,49.56723,37.8322,1,6
560138,2024-12-20,2024-12-20,48.53001,37.96052,1,1
560142,2024-12-20,2024-12-20,49.720989,37.718728,1,16
560143,2024-12-20,2024-12-20,48.221848,37.198509,1,1
560144,2024-12-20,2024-12-20,48.18617,37.14607,1,1
560145,2024-12-20,2024-12-20,49.76293,37.69374,1,5
560147,2024-12-21,2024-12-21,49.041997,38.210206,1,1
560148,2024-12-21,2024-12-21,47.80011,36.79797,1,1
560149,2024-12-21,2024-12-21,48.116827,37.096788,1,6
560150,2024-12-21,2024-12-21,49.50461,37.71215,1,7
560151,2024-12-21,2024-12-21,47.965986,37.093066,1,5
560153,2024-12-22,2024-12-22,49.5294,37.71496,1,10
560170,2024-12-22,2024-12-22,49.8775,37.497109,1,5
560177,2024-12-23,2024-12-23,48.20135,37.33929,1,10
560178,2024-12-23,2024-12-23,48.221848,37.198509,1,7
560179,2024-12-23,2024-12-23,49.5,36.5,1,1
560180,2024-12-23,2024-12-23,48.14,37.74,1,5
560182,2024-12-23,2024-12-23,48.20135,37.33929,1,10
560183,2024-12-24,2024-12-24,47.904229,36.915331,1,5
560184,2024-12-24,2024-12-24,47.88252,36.83894,1,1
560185,2024-12-24,2024-12-24,49.478827,38.211317,1,5
560186,2024-12-26,2024-12-26,48.53001,37.96052,1,30
560194,2024-12-26,2024-12-26,49.8775,37.497109,1,1
560195,2024-12-26,2024-12-26,48.550335,37.962683,1,1
560196,2024-12-26,2024-12-26,48.999497,37.967459,1,5
560197,2024-12-26,2024-12-26,49.00048,38.11234,1,1
560199,2024-12-27,2024-12-27,48.13683,37.04094,1,6
560202,2024-12-27,2024-12-27,48.138834,37.085632,1,1
560203,2024-12-27,2024-12-27,48.221848,37.198509,1,1
560204,2024-12-28,2024-12-28,49.8775,37.497109,1,5
560205,2024-12-28,2024-12-28,48.13165,37.2068,1,5
560206,2024-12-28,2024-12-28,48.138834,37.085632,1,1
560207,2024-12-28,2024-12-28,47.91801,37.22885,1,7
560208,2024-12-29,2024-12-29,49.041997,38.210206,1,7
560211,2024-12-29,2024-12-29,47.941669,37.504218,1,6
560212,2024-12-29,2024-12-29,49.542452,37.893482,1,3
560213,2024-12-29,2024-12-29,48.20497,37.04212,1,5
560214,2024-12-29,2024-12-29,47.91591,37.45934,1,1
560216,2024-12-30,2024-12-30,48.14,37.74,1,7
560218,2024-12-30,2024-12-30,48.39489,37.79102,1,17
560219,2024-12-30,2024-12-30,47.9234,37.18429,1,7
560220,2024-12-31,2024-12-31,48.178318,37.630405,1,1
560221,2024-12-30,2024-12-30,47.965986,37.093066,1,13
560223,2024-12-30,2024-12-30,47.83972,35.14057,1,4
560224,2024-12-30,2024-12-30,48.676254,38.098621,1,2
560225,2024-12-31,2024-12-31,48.243849,37.61202,1,3
560226,2024-12-31,2024-12-31,48.221848,37.198509,1,30
560227,2024-12-31,2024-12-31,48.39489,37.79102,1,5
560228,2024-12-31,2024-12-31,48.592436,37.99993,1,1
560229,2024-12-31,2024-12-31,48.01274,37.25884,1,1
560230,2024-12-31,2024-12-31,48.268307,38.370347,1,7
560231,2024-12-31,2024-12-31,45.34757,32.4969,1,0
560234,2024-12-27,2024-12-27,48.14,37.74,1,2
560235,2024-12-27,2024-12-27,48.92,39.02,1,2
560236,2024-12-27,2024-12-27,49.5,36.5,1,2
560245,2024-12-27,2024-12-27,46.6406,32.61589,1,2
560247,2024-12-27,2024-12-27,51.0,34.0,1,2
560284,2024-12-01,2024-12-31,49.0,32.0,1,3883
560286,2024-12-01,2024-12-31,49.0,32.0,1,654
560291,2024-12-28,2024-12-28,49.5,36.5,1,2
560292,2024-12-28,2024-12-28,48.14,37.74,1,2
560293,2024-12-28,2024-12-28,47.83972,35.14057,1,2
560294,2024-12-28,2024-12-28,46.6406,32.61589,1,2
560296,2024-12-28,2024-12-28,51.0,34.0,1,2
560297,2024-12-29,2024-12-29,49.5,36.5,1,2
560299,2024-12-29,2024-12-29,48.92,39.02,1,2
560300,2024-12-29,2024-12-29,48.14,37.74,1,2
560302,2024-12-29,2024-12-29,46.6406,32.61589,1,2
560307,2024-12-29,2024-12-29,51.0,34.0,1,2
560311,2024-12-30,2024-12-30,48.14,37.74,1,2
560312,2024-12-30,2024-12-30,49.5,36.5,1,2
560314,2024-12-30,2024-12-30,46.6406,32.61589,1,2
560315,2024-12-30,2024-12-30,51.0,34.0,1,2
560324,2024-12-31,2024-12-31,49.5,36.5,1,2
560327,2024-12-31,2024-12-31,48.14,37.74,1,2
560328,2024-12-31,2024-12-31,46.6406,32.61589,1,2
560329,2024-12-31,2024-12-31,47.83972,35.14057,1,2
560330,2024-12-31,2024-12-31,51.0,34.0,1,2
560463,2024-12-03,2024-12-03,47.836609,37.651082,1,1
560482,2024-12-30,2024-12-30,46.618259,32.710731,1,1
560490,2024-12-06,2024-12-06,46.618259,32.710731,1,3
560849,2024-12-18,2024-12-18,46.750488,33.367315,1,1
560953,2024-12-26,2024-12-26,49.508475,37.937847,1,1
563967,2024-12-22,2024-12-22,49.50461,37.71215,1,1
563974,2024-12-24,2024-12-24,49.5,36.5,1,5
563983,2024-12-27,2024-12-27,50.29078,36.94108,1,7
563985,2024-12-27,2024-12-27,48.20135,37.33929,1,5
563991,2024-12-28,2024-12-28,49.56723,37.8322,1,1
563993,2024-12-31,2024-12-31,48.87686,38.27261,1,7
